id,set_name,set_code,num_of_cards,tcg_date
a9cc1e0613d1b88098a29464879285a2,Summoned Skull Sample promotional card,SDY,1,2001-01-01
8d1bb889266b35581fb2812b9d5f4013,Legend of Blue Eyes White Dragon,LOB,355,2002-03-08
91883058af5c8218e84c2851f8b65e66,Yu-Gi-Oh! Dark Duel Stories promotional cards,DDS,6,2002-03-19
02f27695ca4bdcabb9641d8357fbcb9a,Starter Deck: Kaiba,SDK,96,2002-03-29
d36de46a616f5afc6714a16c2cd44e38,Starter Deck: Yugi,SDY,95,2002-03-29
ac6b7e2c6239479038488c7a86ab2084,Metal Raiders,MRD,432,2002-06-26
8ebf18c911c0733715eb38af8e85fa71,Tournament Pack: 1st Season,TP1,60,2002-09-01
0c74b9f9bffac3c9f054cd9bd4fdf9ab,Magic Ruler,MRL,235,2002-09-16
264ab25093b50bb322bdff24076a8645,Spell Ruler,SRL,208,2002-09-16
699f565eac16cb385f64a98e4109b84a,Tournament Pack: 2nd Season,TP2,30,2002-10-01
638cc352ccd256440043a22c74c6343d,Booster Pack Collectors Tins 2002,BPT,6,2002-10-04
0c202ec142984f12ab2b77fea86ba266,Yu-Gi-Oh! The Eternal Duelist Soul promotional cards,EDS,3,2002-10-15
6eba62842a4a2383961d7f49f358eee3,Pharaoh's Servant,PSV,315,2002-10-20
b15448b5205427858c1c5479de33acce,Yu-Gi-Oh! Forbidden Memories promotional cards,FMR,3,2002-11-25
1f71f2efe7c80b110308ff573d434dc7,"Shonen Jump Vol. 1, Issue 1 promotional card",JMP,1,2002-11-26
1502af8b651a37a72c5b12f676a02c9b,McDonald's Promotional Cards,MP1,15,2002-12-20
2dd8db4821a3b40d4ee430c00a9ae2ed,Duelist League Series 1 participation cards,DL1,4,2003-01-01
a287ea4287adf9a7f856017927969034,Yu-Gi-Oh! The Duelists of the Roses promotional cards,DOR,6,2003-02-16
d200ae4e449f181bf44980005fd109da,Labyrinth of Nightmare,LON,315,2003-03-01
9332d22b75a93d88f2c243f6b901239f,Tournament Pack: 3rd Season,TP3,20,2003-03-01
f1ea9ca7056002cd455126d9b1a8d415,Starter Deck: Joey,SDJ,50,2003-03-30
b907e796dcb4170016d887a9f7bfe89c,Starter Deck: Pegasus,SDP,50,2003-03-30
4d9ef5954900cb70e011a0e66b91bac4,Yu-Gi-Oh! Worldwide Edition: Stairway to the Destined Duel promotional cards,SDD,6,2003-04-15
31e4c44e64a36366a45bd876f58ecf87,Legacy of Darkness,LOD,202,2003-06-06
e3a8225277580d9dac45d0e20f00b46a,Pharaonic Guardian,PGD,108,2003-07-18
7d722ae9091f636deb75655461cd8f45,Collectible Tins 2003,BPT,6,2003-09-01
5abdbb11b77fea2c353ce1b60f93b673,Tournament Pack 4,TP4,20,2003-10-01
9a10b12dc9c4bdc3d9af76cb0499d8f8,Magician's Force,MFC,108,2003-10-10
6cba933c7090ad997e7a8c7114a2a363,Duel Master's Guide promotional cards,DMG,1,2003-10-28
536235af7e8cc2f58a839e7293cb80a8,Yu-Gi-Oh! The Falsebound Kingdom promotional cards,TFK,6,2003-11-04
7a3f426a7e592e72f0d19b70b22e8255,Yu-Gi-Oh! The Sacred Cards promotional cards,TSC,6,2003-11-04
a4d54b44d1d9f995d880bc61823b3adc,Yu-Gi-Oh! Power of Chaos: Yugi the Destiny Limited Collector's Edition,PCY,2,2003-11-18
4c9338bd0523f7e0ec0df9faaabe9592,Yu-Gi-Oh! Power of Chaos: Yugi the Destiny promotional cards,PCY,10,2003-11-18
9ded067771dd7a4044333496beb490fd,Dark Crisis,DCR,212,2003-12-01
275cb6c0e5b3bb3a4a3de4620f6d1d77,Hobby League 1 participation cards B,HL1,2,2004-01-01
90492e7a6f08daf32d11bb9c58e3dcbf,"Shonen Jump Vol. 2, Issue 1 promotional card",JMP,1,2004-01-01
9f7121c498168be761589b69571d84f9,Yu-Gi-Oh! World Championship Tournament 2004 promotional cards,WC4,6,2004-02-10
b0f2c36a83e4cfc6e05d4a3571a93fce,Invasion of Chaos,IOC,224,2004-03-01
b16b9850ec7080f553e12ce446707a3d,Starter Deck: Kaiba Evolution,SKE,50,2004-03-01
c24bcca8f52acec4ed5fa42974bdaefc,Starter Deck: Yugi Evolution,SYE,50,2004-03-01
c7162a904e23d432209fb030d00a8c64,Yu-Gi-Oh! The Dawn of Destiny promotional cards,DOD,5,2004-03-23
5d1e307284f3af9c297a813c0f4080f9,Invasion of Chaos: Special Edition,IOC,4,2004-04-01
b622ebb13a8facb2acae1f4e76516c07,Yu-Gi-Oh! Power of Chaos: Kaiba the Revenge promotional cards,PCK,6,2004-04-06
70e53b592ef339bbd4aa22edf10b6bf9,Kids WB Duel of Destiny promotional card,EP1,1,2004-05-15
6f94febfd38938e60f1f68c51e77d088,Ancient Sanctuary,AST,112,2004-06-01
8ff246b923b199d6b955036bcff4528e,Yu-Gi-Oh! Trading Card Game Tour 2004 promotional card,EM1,1,2004-06-19
0399322c7300bb734d49f391575d643b,Yu-Gi-Oh! Power of Chaos: Joey the Passion promotional cards,PCJ,3,2004-06-29
bc237253446ac4371f26d8dd48f30046,Yu-Gi-Oh! Reshef of Destruction promotional cards,ROD,3,2004-06-29
e7badd24fcb26fe89b1eb57edd8f45fa,Exclusive Pack,EP1,8,2004-07-25
6e6afd14779d76ed4ad1cedf282bde2b,Yu-Gi-Oh! World Championship 2004 prize cards,WCS,3,2004-07-25
183ba16ab9ffda6d9c5fbd25e1bb0f32,Movie Pack,MOV,4,2004-08-13
357ae0d17a2349d64f5505785662dabb,Collectible Tins 2004,CT1,6,2004-09-01
7662365d0dd36d1aebf7e8f3be03ebb8,Hobby League 1 participation cards A,HL1,2,2004-10-01
2d7607052b1bcb3e3d6e5cf92fab2a3a,Soul of the Duelist,SOD,60,2004-10-01
b79d33fa1cb25ad31a52ba31540bd980,Dark Beginning 1,DB1,262,2004-10-12
91c1e51f956d40519feb760b360fc156,Yu-Gi-Oh! Destiny Board Traveler promotional cards,DBT,3,2004-10-26
1a08f259a83205672202673cff9509d3,"Swedish Shonen Jump 2004, Issue 2 promotional card",JMP,1,2004-11-01
004b9eb13e1396d606d21c4f5fed30d7,Tournament Pack 5,TP5,20,2004-11-01
8a855211e1f7cd0dcdb133b3b1f118c3,Rise of Destiny,RDS,60,2004-11-20
091fae35a5d60a685eded198cb0014e0,Yu-Gi-Oh! Capsule Monster Coliseum promotional cards,CMC,3,2004-11-26
416194c2018364c397f1583aed728e29,Duelist League Series 6 participation card,DL6,1,2004-12-01
b731c98702a3a68920d81534d554de8d,Master Collection Volume 1,MC1,6,2004-12-01
5a8ec4d897cb9a7fc6b66f4012b073e9,Shonen Jump Championship 2004 Prize Card,SJC,1,2004-12-04
716d915b53d24432fcff73d4993f6c59,Hobby League 1 participation cards C,HL1,2,2005-01-01
a7027d871401b0828dad46365c94cdc6,"Shonen Jump Vol. 3, Issue 1 promotional card",JMP,1,2005-01-01
4b3a87e8b78b5b86eab78614dd2589f9,Structure Deck: Deluxe Edition,SD2,2,2005-01-01
6eec74d3f0e78dd2ca4634abcb3905b6,Structure Deck: Dragon's Roar,SD1,28,2005-01-01
2c9760c9488051f001876532c761bf15,Structure Deck: Zombie Madness,SD2,28,2005-01-01
c7ea2769333b0ef812fadac2b3768c1c,Rise of Destiny: Special Edition,RDS,4,2005-02-01
6ee3661d1344cf72b306d5637f667f50,Yu-Gi-Oh! 7 Trials to Glory: World Championship Tournament 2005 promotional cards,WC5,3,2005-02-15
46327c258c95776be8c1b5863cb1f917,Flaming Eternity Sneak Peek Participation Card,SP1,1,2005-02-26
92a1030ed32f1b24fa1345f6db193241,Flaming Eternity,FET,60,2005-03-01
5c47e88732f386f382d2e2dae097a44f,Dark Revelation Volume 1,DR1,267,2005-03-19
ed68d1c3ddff23ffffeefafac441c813,Duelist League Series 7 participation card,DL7,1,2005-04-01
258d40d12ac3feb384038d65a449e309,Structure Deck: Blaze of Destruction,SD3,31,2005-05-09
3af8b79d378b9319b1305b50ab035be2,Structure Deck: Fury from the Deep,SD4,32,2005-05-09
e4b3d4280f050843826075651342a1da,The Lost Millennium Sneak Peek Participation Card,SP1,1,2005-05-28
0d205c15b2faee540c30c0053f6095d6,The Lost Millennium,TLM,60,2005-06-01
49f694a8c5b00f4d2de1b4c1413b42f4,Tournament Pack 6,TP6,20,2005-06-01
b66c6647286bdfea0985c6d1fb50793a,The Lost Millennium: Special Edition,TLM,4,2005-06-10
1f863410a9dd26bcaab1b9c1a34f31d5,Duelist League Series 8 participation card,DL8,1,2005-06-30
701e2e044393bfbc4f7cb10dd6d6390b,Dark Beginning 2,DB2,264,2005-07-27
dac0cc8c1f73cab6f0e6d58f3a259746,Make-A-Wish Foundation promotional card,TYL,1,2005-08-05
ad1bb6af50b6798e33e80fb70418575b,Cybernetic Revolution Sneak Peek Participation Card,SP1,1,2005-08-06
5ca5592fe1b0f36916a32a2a454401d7,Yu-Gi-Oh! World Championship 2005 prize cards,WCS,2,2005-08-07
bbb9b6b2190bc28c1d50136fc990cfd0,Cybernetic Revolution,CRV,60,2005-08-17
d1670d8160a369f1f3d8b91cb7ea2d7b,Shonen Jump Championship 2005 Prize Card,SJC,1,2005-08-20
70a3ad36116325ebc64af8848ae14adc,Yu-Gi-Oh! Nightmare Troubadour promotional cards,NTR,3,2005-08-30
6dace6deb126ede475d0b2fc5e310e6b,Collectible Tins 2005,CT2,6,2005-09-01
8a2b0983a931ae174d1903ad817a6f27,Forbidden Legacy,FL1,3,2005-10-01
6b6c8e6d73df5fccd1a8629a9d7c2231,Master Collection Volume 2,MC2,6,2005-10-18
005adeb3ee84ff7785b85e28469ab1f7,Dark Revelation Volume 2,DR2,228,2005-10-20
8dcba1628d21d045ba6d423ec92d921e,Structure Deck: Warrior's Triumph,SD5,36,2005-10-28
6b09ca7d52e55625acd2725095acc933,"Swedish Shonen Jump 2005, Issue 12 promotional card",JMP,1,2005-11-01
ee5482b2a7f110b46a026bba18f55d33,Tournament Pack 7,TP7,20,2005-11-01
e1add0671fa60bf37866521ce06e2094,Elemental Energy Sneak Peek Participation Card,SP1,1,2005-11-05
604434d7bc0ccd00fbf45065ed0da041,Elemental Energy,EEN,60,2005-11-16
7670cbb815516e5e73a351f96930994d,Elemental Energy: Special Edition,EEN,4,2005-11-30
57f8a90d50587ce41c0cf34af649a6bd,Pharaoh Tour 2005 promotional cards,PT1,2,2005-12-17
7bee7e2a0ae076cfc3981c24745e1921,Hobby League 2 participation card A,HL2,1,2006-01-01
08045a57d9a6e48b6b2ea14336a41030,Hobby League 2 participation card B,HL2,1,2006-01-01
55d553c89d6f81243ee43b335bd77de1,Hobby League 2 participation card C,HL2,1,2006-01-01
0c6909f9793d94009dc26b02372f917f,Hobby League 2 participation card D,HL2,1,2006-01-01
13da3adb9ba54e6f2ab27ba8e5aa1730,Hobby League 2 participation card E,HL2,1,2006-01-01
e5fcd604e1b9b42617c90b5ec20dec60,Hobby League 2 participation card F,HL2,1,2006-01-01
688c4f441e9551079313623cbcd83da7,Hobby League 3 participation card A,HL03,1,2006-01-01
e1a93c7be652266ed0e23c9c049523a1,Hobby League 3 participation card B,HL03,1,2006-01-01
52e0f3dfef6d5903979c37342525deea,Hobby League 3 participation card C,HL03,1,2006-01-01
e15692824a737340aa8f09b57edd17c6,Hobby League 3 participation card D,HL03,1,2006-01-01
4f8ba848c55ea5dd0a398097e31e2aad,Hobby League 3 participation card E,HL03,1,2006-01-01
7584d4a2df1d1eea09638b9bbd84f9bc,Hobby League 3 participation card F,HL03,1,2006-01-01
47fb7323e3b77ef706ad3ddd4bd086b2,Hobby League 3 participation card G,HL03,1,2006-01-01
3a23b93b1b44af0f98aea0607001a12e,Mattel Action Figure promotional cards: Series 1,MF01,1,2006-01-01
046e557918dd0187d75a1d735dfd7000,Mattel Action Figure promotional cards: Series 2,MF02,4,2006-01-01
81df11e271440737eb47804608ab90bb,Mattel Action Figure promotional cards: Series 3,MF03,11,2006-01-01
453abfc23d232a1b6aec30cf43e8dbff,"Shonen Jump Vol. 4, Issue 1 promotional card",JMP,1,2006-01-01
d991026469b8089918c3a63d42a1e264,Duelist League Series 9 participation card,DL9,1,2006-01-03
4268e7587719d18ce71cf16dce2ec7a5,Yu-Gi-Oh! GX Duel Academy promotional cards,GX1,3,2006-01-10
3f1a523e9f4d0cfc2c4879bc91f9e4c8,Structure Deck: Spellcaster's Judgment,SD6,36,2006-01-18
eb2bd307211b77650d375957c150172d,Duelist Pack: Chazz Princeton,DP2,30,2006-02-08
ac2756963289980cc1db9f633729f9e5,Duelist Pack: Jaden Yuki,DP1,30,2006-02-08
d2b619ff7fb17c3f10a9aef1eb386f99,Shadow of Infinity,SOI,60,2006-02-18
dd83905b6800924a02218f465aeec5c1,Shadow of Infinity Sneak Peek Participation Card,SP2,1,2006-02-18
73a3ca360da9717c1ca40d065a9ea9b4,Yu-Gi-Oh! Double Pack promotional cards,ROD,2,2006-02-22
70624e855e1e6c2e44a60de613d5b5ae,Starter Deck 2006: Special Edition,YSD,1,2006-03-01
13905affb62b9cdfa3fddf6727633c2a,Duelist Pack: Special Edition,DPK,3,2006-03-09
a66e77d5f744f2defdb8441c8b51e56e,Yu-Gi-Oh! Ultimate Masters: World Championship Tournament 2006 promotional cards,WC6,3,2006-03-14
1fa658e2989e1c0348488085e1ada497,Starter Deck 2006,YSD,40,2006-03-23
5f01b083de6e6e565634a89a8379f6c1,Shadow of Infinity: Special Edition,SOI,4,2006-04-01
54a36b9a4bf272f4a83389b60f1adc65,Yu-Gi-Oh! GX Special Edition,GSE,1,2006-04-01
1294b27f08d19cf5e784392447446868,Duelist League Series 10 participation card,DL10,1,2006-04-28
27be6764c64f5c6fd585a8a73f8c8eee,Duelist League Series 2 participation cards,DL2,4,2006-04-28
df5d0a9cef5d21725f2becb1487ac84e,Duelist League Series 3 participation card,DL3,1,2006-04-28
1effe29c5a469c9f4058e856094ae5be,Duelist League Series 4 participation card,DL4,1,2006-04-28
70f803d7561a659f034b48a216b42b8f,Duelist League Series 5 participation card,DL5,1,2006-04-28
b709319ce6d76aaa534ac636eef4d383,Tournament Pack 8,TP8,20,2006-04-28
b8b2ae6581daa2dbfa166a4a2d7e435e,Shonen Jump May 2006 subscription bonus,JUMP,3,2006-05-01
fe60bb159948070988579f4e81c0fe76,Shonen Jump Championship 2006 Prize Card,SJC,1,2006-05-06
2d5a61f07210e4e99789674637fedf41,Enemy of Justice Sneak Peek Participation Card,SP2,1,2006-05-13
a109244faa7673fb083f9b4fa8eb1ab7,Structure Deck: Invincible Fortress,SD7,32,2006-05-15
ae497808dae99143a58560d3b3b33d16,Enemy of Justice,EOJ,60,2006-05-17
ed78e717876aa73bd7d698c32cd4022c,Yu-Gi-Oh! World Championship 2006 prize cards,WCPS,1,2006-07-02
2dbaf025beeeb8125a16fbe342781e75,Structure Deck: Lord of the Storm,SD8,36,2006-07-12
89d981e1d9b60e35aeeb1b472aa3359f,Yu-Gi-Oh! GX Ultimate Beginner's Pack,UBP1,5,2006-07-19
669fc8c8ab46018c635bce4d3ee09f56,San Diego Comic-Con promotional cards,TKN1,4,2006-07-20
cf44353c263fa904e912948728c2f90c,Power of the Duelist Sneak Peek Participation Card,SP02,1,2006-08-05
41269c594408ce12b7197cf30413a5c4,Power of the Duelist,POTD,60,2006-08-16
aa27f961eb1d6865424920c5b0cd3c49,Collectible Tins 2006 Wave 1,CT03,3,2006-09-11
2cfb576d2c72ba61c3533b76ed94e30b,Structure Deck: Dinosaur's Rage,SD09,36,2006-10-20
9c7378e3568b94cc830d42c816ed3014,Structure Deck: Dinosaur's Rage Special Set,SD09,1,2006-10-25
a9c1614f34e36e92a8b31f39e368f9ca,Pharaoh Tour 2006 promotional cards,PT02,2,2006-10-28
6fbe68b293a64b234523408f38a85a71,Collectible Tins 2006 Wave 2,CT03,3,2006-11-01
6004b8a821df4ba436baccdd29b2d10e,"Shonen Jump Vol. 4, Issue 11 promotional card",JUMP,1,2006-11-01
801283d522777c798d319daa25e7e228,Cyberdark Impact Sneak Peek Participation Card,SP02,1,2006-11-04
4fa16764c030e09bcdca55f30bf13ab5,Champion Pack: Game One,CP01,20,2006-11-11
1573fd4c7a1bb2f6c591ecbaec857924,Ultimate Edition 2,UE02,1,2006-11-11
bd20a29fd7409d01015df4f26cabc70a,Cyberdark Impact,CDIP,60,2006-11-15
90cf34c549bbe2a042318aa655bd001e,Yu-Gi-Oh! GX Tag Force promotional cards,GX02,3,2006-11-16
506f3b6d6b69648933ac22ed31aa737b,Dark Revelation Volume 3,DR3,240,2006-11-25
c5cfe9c4a03605956847c583b5f4fcbb,"Shonen Jump Vol. 4, Issue 12 promotional card",JUMP,1,2006-12-01
b4c2b2a11a308b6c307dd18df35ffe3e,McDonald's Promotional Cards 2,MDP2,20,2006-12-22
06f37ad44d22e4bffc9335cf8115f046,Hobby League 4 participation card A,HL04,1,2007-01-01
7f519464251554697590de5a50bc5981,Hobby League 4 participation card B,HL04,1,2007-01-01
0bd1f1f0684b27baf8128d04df2595da,Hobby League 4 participation card C,HL04,1,2007-01-01
70bea4bad1e15dd6aec600a03694390a,Hobby League 4 participation card F,HL04,1,2007-01-01
856f5e96b263b8a9d48f096a6857c83b,Hobby League 5 participation card A,HL05,1,2007-01-01
f7102e6942a62f7d58ad2f752cc7fdee,Hobby League 5 participation card B,HL05,1,2007-01-01
aa8ec494b5d43a8a5a9229c2b3c5fd52,Hobby League 5 participation card C,HL05,1,2007-01-01
87e126a0ea5a1f9e84f81db8a50a0540,Hobby League 5 participation card D,HL05,1,2007-01-01
cbc7a98d4032116d3150c53239891df8,Hobby League 5 participation card E,HL05,1,2007-01-01
abc2e326b2af42996d49ac3f10335d6f,Hobby League 5 participation card F,HL05,1,2007-01-01
46253a68d158a2cc239688a8326f1e3e,"Shonen Jump Vol. 5, Issue 1 promotional card",JUMP,1,2007-01-01
bdcbbb178ee58119832c10320e921e5b,Yu-Gi-Oh! GX Spirit Caller promotional cards,GX03,3,2007-01-02
6cc97cac321171334957ac2940d7a39c,Structure Deck: Machine Re-Volt,SD10,37,2007-01-17
d2f1f4e8b1860c1eda1d3088d7f0f109,Shonen Jump Championship 2007 Prize Card A,SJCS,1,2007-01-27
05f96b08baef7c4e041e8473885598fc,Champion Pack: Game Two,CP02,20,2007-02-06
24e104e2821b5b4ca2fb43d044e32baf,Duelist Pack: Aster Phoenix,DP05,30,2007-02-07
9b2a1718ef262a0047f51664f55117ff,Duelist Pack: Jaden Yuki 2,DP03,30,2007-02-07
1981e83c7b414e40fe7ad453bca372c4,Strike of Neos Sneak Peek Participation Card,STON,1,2007-02-24
78fc98f8812edc5481892f32793a4e25,Strike of Neos,STON,69,2007-02-28
10f3aae15dfe6018d8a59325491f2fe5,Duelist Pack: Zane Truesdale,DP04,30,2007-03-07
44725bac14f37efa4215e2d16913782f,Strike of Neos: Special Edition,STON,2,2007-03-14
aa8f78ed78a5e26bd5728f2ee850f96c,Yu-Gi-Oh! World Championship 2007 promotional cards,WC07,3,2007-03-20
08e8e95b88f731c4a5eacdf44a70870b,"Shonen Jump Vol. 5, Issue 4 promotional card",JUMP,1,2007-04-21
fe0f9253662e0bcd321723eee0951e3d,Force of the Breaker Sneak Peek Participation Card,FOTB,1,2007-05-05
712f57be1e33d19d64131faaedb72667,Champion Pack: Game Three,CP03,20,2007-05-15
057bbb1a0e320cf490345e0918075fb4,Force of the Breaker,FOTB,69,2007-05-16
0d8af83b9e1bd9af9ad06ccbbb61fb1c,"Shonen Jump Vol. 5, Issue 6 promotional card",JUMP,1,2007-06-01
39aa27ff53e5f1ec7213677e1f70f820,Force of the Breaker: Special Edition,FOTB,2,2007-06-25
ce33771773f72934f3ad294df559b31b,Shonen Jump 2007 subscription bonus,JUMP,2,2007-07-15
c85c809a572582346029a13832b81033,Starter Deck: Jaden Yuki,YSDJ,41,2007-07-25
7b7afc8574130f2a6f1eee42ab0d11ad,Starter Deck: Syrus Truesdale,YSDS,41,2007-07-25
8e17cf648214fe19035492ab3a06baa8,Premium Pack (TCG),PP01,15,2007-07-26
a186ea3ca338aa1962b8a2868bf4d557,Yu-Gi-Oh! World Championship 2007 prize cards,WCPS,3,2007-07-28
f9a1e3d93ace7b2d47c8403dc6a19908,Hobby League 4 participation card D,HL04,1,2007-08-04
f00038171e418de7184462bb3f037603,Tactical Evolution Sneak Peek Participation Card,TAEV,1,2007-08-04
b4168b8fb64c4ed7eaabb68c4dceff04,Tactical Evolution,TAEV,90,2007-08-15
34da245d1cf1aeaa39f5c6a84b120820,Shonen Jump Championship 2007 Prize Card B,SJCS,1,2007-08-18
6526aeb31cd1f9e16933648ae5805c3b,Collectible Tins 2007 Wave 1,CT04,3,2007-08-29
2611dc467efc0c8ec70726585fac147f,"Shonen Jump Vol. 5, Issue 9 promotional card",JUMP,1,2007-09-01
9577da77cafee3a16f17f676edcf6b18,Champion Pack: Game Four,CP04,20,2007-09-06
6232bf882f44cb97f956b2013e76c39c,Tactical Evolution: Special Edition,TAEV,2,2007-09-12
10873339fa21391092665bfc0897f22e,Yu-Gi-Oh! GX Tag Force 2 promotional cards,GX04,3,2007-09-18
67ca8a8694c50c804a76888aaaaf2683,Pharaoh Tour 2007 promotional cards,PT03,2,2007-10-13
ea07a957ab3d336738895f9a03d805a0,Rise of the Dragon Lords Structure Deck,SDRL,37,2007-10-24
fecd74281c6f2ebad2a9396fa0799dcd,"Shonen Jump Vol. 5, Issue 11 promotional card",JUMP,1,2007-11-01
459a3041f7777f4dc5f7a105d038d609,GX Next Generation,GXNG,1,2007-11-03
5a51b81a38c2f3622cfb5e612ff7f09f,Gladiator's Assault Sneak Peek Participation Card,GLAS,1,2007-11-03
afea428b7ed8e653978ded579d685253,Yu-Gi-Oh! GX Volume 1 promotional card,YG01,1,2007-11-06
d247e70dac8651ae5f9f40de92908189,Hobby League 4 participation card E,HL04,1,2007-11-10
d31443c872025255c21c752504a8304b,Yu-Gi-Oh! Elemental Hero Collection 1,EHC1,4,2007-11-13
078b8439b3245263c5cca7eb1094eafa,Yu-Gi-Oh! Elemental Hero Collection 2,EHC2,4,2007-11-13
e748b854ba70343861902208384941cd,Dark Revelation Volume 4,DR04,245,2007-11-14
deb3b36fda4262b1185a39ded89f1da5,Gladiator's Assault,GLAS,95,2007-11-14
919152af7d953f1a4a143dfb78a51607,Light and Darkness Power Pack,LDPP,1,2007-11-14
13d0344eebc2d41909f4e2fb1588adfc,Collectible Tins 2007 Wave 2,CT04,3,2007-11-15
4cb2cbce30f38e1afd9af10ce4838f1c,Yu-Gi-Oh! GX Card Almanac promotional cards,YDB1,3,2007-11-30
e1aadd6ce3c0fccf7f52793f917997c2,Yu-Gi-Oh! World Championship 2008 promotional cards,WC08,3,2007-12-04
e9df28d70a48b76c79b664703f811f51,Yu-Gi-Oh! GX Tag Force Evolution promotional cards,GX05,3,2007-12-07
f30b792cc2e1020f8984cedd356126e1,Gladiator's Assault: Special Edition,GLAS,2,2007-12-12
b567c315179523cb096c1e3a673c324e,Hobby League 6 participation card B,HL06,1,2008-01-01
67634fda84ba920be9150f9bddabe69d,Hobby League 6 participation card C,HL06,1,2008-01-01
dcaa3605b3b378558051c6b1380d2394,Hobby League 6 participation card D,HL06,1,2008-01-01
29a7c67d515dd439a34860a0ff860f4d,Hobby League 6 participation card E,HL06,1,2008-01-01
8fbbe7ae5fb4c4700f74be10a0ff18c0,Hobby League 6 participation card F,HL06,1,2008-01-01
182c4f702e7717fb177fc777a57ba8f7,Hobby League 7 participation card A,HL07,1,2008-01-01
f5644420c8654cb07fc18e6e71c03e78,Hobby League 7 participation card B,HL07,1,2008-01-01
c2f3bf5c159263f4439fa2a79d6a3b78,Hobby League 7 participation card C,HL07,1,2008-01-01
337bd77d5735fdb9fe5fbf185831cbd0,Hobby League 7 participation card D,HL07,1,2008-01-01
f824e89dd3b5a38c6fc96c848ab09b38,Hobby League 7 participation card E,HL07,1,2008-01-01
ff9accf348a3c48c7580727c4252827c,Hobby League 7 participation card F,HL07,1,2008-01-01
3cd97987a400743a95a751604234221f,"Shonen Jump Vol. 6, Issue 1 promotional card",JUMP,1,2008-01-01
d6e24e5ea5971eb002b62419730fa0ff,Champion Pack: Game Five,CP05,20,2008-01-08
73f83d4d520c1f1259b3af534a413017,Limited Edition 1,JUMP,4,2008-01-16
96865db94023bf70474f8653ebdaafba,Hobby League 6 participation card A,HL06,1,2008-01-21
e560ca9aadd19379ece74f3461388f2e,Duelist Pack: Jaden Yuki 3,DP06,25,2008-01-26
ec35152d91b7633ebbd0e8e6156a4813,Duelist Pack: Jesse Anderson,DP07,25,2008-01-26
11320e6cb702cd604b5b8235c3804dab,Phantom Darkness Sneak Peek Participation Card,PTDN,1,2008-01-26
315f5b3773eb71e19c9b218fbb4a6284,"Shonen Jump Vol. 6, Issue 3 promotional card",JUMP,1,2008-02-01
47c711dd929549af8f8079167dfc6814,Phantom Darkness,PTDN,100,2008-02-13
2b9d09209f76dc74f64b6f7edf1e01c9,Shonen Jump Championship 2008 Prize Card,SJCS,1,2008-03-08
9c58c02392e99023e30fb7a2c043548e,Duelist Pack Collection Tin 2008,DPCT,1,2008-03-11
bbbfb241143e2979b1077e4ff934b66c,Phantom Darkness: Special Edition,PTDN,2,2008-03-12
ae6528ffd64cbd0625d8657dac0d9461,Duelist Pack Collection Tin: Jaden Yuki,DPCT,1,2008-03-23
17a1cc4ec73cf0df294bba120a08d7e1,Gold Series,GLD1,45,2008-04-02
58b33262e9494dd3e3a060907990b1bc,The Dark Emperor Structure Deck,SDDE,36,2008-04-02
d32aa591b2989a02ffed4c7b1e206395,Shonen Jump May 2008 subscription bonus,JUMP,1,2008-05-01
fc67d4cef498e8ef51ab22f810b1e71f,"Shonen Jump Vol. 6, Issue 5 promotional card",JUMP,1,2008-05-01
bf316c40430485a0a3517b0ea5643d05,Light of Destruction Sneak Peek Participation Card,LODT,1,2008-05-03
17712c6d8cd56347c34a776ff2f87ee9,Champion Pack: Game Six,CP06,20,2008-05-12
761a6f4c81e2e236659f49577db80ec2,Light of Destruction,LODT,100,2008-05-13
08e9b87692a2ef25a833f236929d4eb4,Light of Destruction: Special Edition,LODT,2,2008-06-18
bd280cb7c5d30caf212ac58a50a9b87b,Retro Pack,RP01,101,2008-07-08
cb9cf934eac2f1630f86828f04407c4d,Premium Pack 2 (TCG),PP02,20,2008-07-31
985d023768ef6db0ba99a5eab0ca8052,Duel Terminal - Preview Wave 1,DTP1,20,2008-08-04
464efca069fa5dbc7e02097dd23f7b1e,Starter Deck: Yu-Gi-Oh! 5D's,5DS1,43,2008-08-05
da709b273d0fb898a56d17a5fa65e41f,The Duelist Genesis Sneak Peek Participation Card,TDGS,1,2008-08-09
381c6d3208f5aa59f27d4e861f911ca8,Collectible Tins 2008 Wave 1,CT05,2,2008-08-18
2ab3e819bd847e31fec3bc609a264732,Champion Pack: Game Seven,CP07,20,2008-09-01
628251a772fa87017f5f74f2da3dea7a,"Shonen Jump Vol. 6, Issue 9 promotional card",JUMP,1,2008-09-01
f1cd8cc2b7ab1e0373903c954a0045be,The Duelist Genesis,TDGS,100,2008-09-02
34a8e5414db61375e4dcec31c019c787,Collectible Tins Exclusive 2008,CT05,3,2008-09-23
272ab882b36b563b33547c26b0a41fdf,The Duelist Genesis: Special Edition,TDGS,2,2008-10-07
882261352d1553d370eb4bead9d04fe3,Zombie World Structure Deck,SDZW,37,2008-10-21
c2e15d5ad0fcf65fb0eca2fccf71b4a8,Crossroads of Chaos Sneak Peek Participation Card,CSOC,1,2008-11-01
f63359ddcc4e48e3f7be54aed149bba4,Collectible Tins 2008 Wave 2,CT05,2,2008-11-03
9356c4c993261bf800d278cbd71ce283,Yu-Gi-Oh! GX Volume 2 promotional card,YG02,1,2008-11-04
e785ec58494e0fb5d4dd5153e9e63736,"Shonen Jump Vol. 6, Issue 12 promotional card",JUMP,1,2008-11-05
3b24ac7a126a48b8cc5cd4112179cc32,Crossroads of Chaos,CSOC,100,2008-11-18
74c1e2a9c8b12f91a2754a2db657debc,Dark Legends,DLG1,113,2008-11-21
16736673187ad737a00fc23adf754a7d,Yu-Gi-Oh! GX Tag Force 3 promotional cards,GX06,3,2008-11-28
2e07037154497a88d28b560d9126b954,Anniversary Pack,YAP1,8,2008-12-08
136fb6fcf3f230049c4a4c46073bd094,Crossroads of Chaos: Special Edition,CSOC,2,2008-12-09
838aba25c6a21d2c0f71ff67ce79cbb2,"Shonen Jump Vol. 7, Issue 1 promotional card",JUMP,1,2009-01-01
7601baff33ac3456af81091886761915,Champion Pack: Game Eight,CP08,20,2009-01-05
0637f83700d36e5ed167c290c2c6ae93,Shonen Jump February 2009 subscription bonus,JUMP,2,2009-02-01
15474f2ae366e519a0bf86282989e13e,Duelist Pack: Yusei,DP08,30,2009-02-24
d63c92621dd59382f8cb6fc6f2465b7d,Crimson Crisis Sneak Peek Participation Card,CRMS,1,2009-02-28
a28ab4d0ccf2f7cefafba58af166499b,"Shonen Jump Vol. 7, Issue 3 promotional card",JUMP,1,2009-03-01
de7d43d6aa45805068358d7960eabadd,Crimson Crisis,CRMS,100,2009-03-03
d2b875c7bb00284812b349630fc72040,Duelist Pack Collection Tin 2009,RGBT,7,2009-03-10
836b113bba3ee3f9954c545ef951f227,Spellcaster's Command Structure Deck,SDSC,38,2009-03-31
af262bfd40f89b6a8e121065213f14f3,Spellcaster's Command Structure Deck: Special Edition,SDSC,1,2009-03-31
1e1ef84ee94a82a431431cb7c6249b66,Crimson Crisis: Special Edition,CRMS,2,2009-04-07
8f0631a097c57bccdc9fd8eb01379b1d,Gold Series 2009,GLD2,50,2009-04-21
70e2f883324493c001e8f117505538bc,Shonen Jump Championship 2009 Prize Card,SJCS,1,2009-04-26
99e1e74cc5e10cc01ae92eac6e99e71b,Raging Battle Sneak Peek Participation Card,RGBT,1,2009-05-02
fdd13ad84bdd9683494dc76350b2d95c,Raging Battle,RGBT,100,2009-05-12
444c9d984b3cf17962b93b718c1cb8f3,Yu-Gi-Oh! 5D's Stardust Accelerator promotional cards,WC09,2,2009-05-19
0c3a3ceeec7223742b138ccae3a236db,Yu-Gi-Oh! 5D's Wheelie Breakers Promotional Cards,WB01,3,2009-05-19
4c528043f69ff922db049a09200ae833,Yu-Gi-Oh! 5D's World Championship 2009: Stardust Accelerator promotional cards,WC09,1,2009-05-19
02a4aeeefedb2eb5b818180ad4c3dbc7,"Shonen Jump Vol. 7, Issue 6 promotional card",JUMP,1,2009-06-01
c3e23064a4dfd57f88c9c8f0f676ffc4,Yu-Gi-Oh! GX Volume 3 promotional card,YG03,1,2009-06-02
a9e749135da086d24aa88f2cb23d6313,Starter Deck: Yu-Gi-Oh! 5D's 2009,5DS2,43,2009-06-09
9f089fe586ad09a604cbbe692408e63f,Yu-Gi-Oh! R Volume 1 promotional card,YR01,1,2009-06-10
92a1dc5785bea53ea64685ad0be839b2,Duel Terminal - Preview Wave 2,DTP1,18,2009-06-20
c7614358320c374db113939b6bdecaff,Raging Battle: Special Edition,RGBT,2,2009-06-23
ee7d09a2f9ef687194f4c1092792e4fb,Duelist Pack: Yugi,DPYG,30,2009-07-07
a399605f0dad9ea9479460414f6a2c8a,Retro Pack 2,RP02,101,2009-07-28
fb5cc1f6fbca9f54beed7963b003a155,Duelist League Demo 2010,DLDI,5,2009-08-01
ce9af501af31dc3425a6276de02762eb,Ancient Prophecy Sneak Peek Participation Card,ANPR,1,2009-08-15
188ba4812fd63194022f263eac31eac9,Duelist League 2010 participation cards,DL09,20,2009-08-15
b76824643b03cad0ff93385f789fb8eb,Turbo Pack: Booster One,TU01,21,2009-08-15
f7b3e2c8573292e6995c705116506801,Collectible Tins 2009 Wave 1,CT06,2,2009-08-18
d7c08b76e22c8b8f0f7a0420db701869,Ancient Prophecy,ANPR,100,2009-09-01
49f61d5cde6110d73bf1394aa528adc8,"Shonen Jump Vol. 7, Issue 9 promotional card",JUMP,1,2009-09-01
bc22bb53aac2671e695c3b8679b72240,Collectible Tins Exclusive 2009,CT06,4,2009-09-22
d99c31e876f1ce3308323f83688596ec,Ancient Prophecy: Special Edition,ANPR,2,2009-10-09
f5babc8a93c3b1c7f360c0c0ba41b9f2,Warriors' Strike Structure Deck,SDWS,38,2009-10-23
380b5d7731bf39c5c75ad69e4498b681,Duel Disk - Yusei Version,DDY1,1,2009-11-01
07043073092d081030a5fadda896ae8a,"Shonen Jump Vol. 7, Issue 11 promotional card",JUMP,1,2009-11-01
c003d8e23d3143f46476691f10fa8407,Stardust Overdrive Sneak Peek Participation Card,SOVR,1,2009-11-01
9715e250675e41c20237c0da5ea2ef4c,Collectible Tins 2009 Wave 2,CT06,2,2009-11-03
b6ce3ec1a5807385dde19ac70f980d03,Hidden Arsenal,HA01,30,2009-11-05
e33e67044e1bae69ae876cf013cfdb5b,Stardust Overdrive,SOVR,100,2009-11-17
d7bdb1e11cfd30c67f7c99e1587864eb,Yu-Gi-Oh! 5D's Tag Force 4 promotional cards,TF04,3,2009-11-17
025e36c70f47cc1af6576ea5f39c770c,Stardust Overdrive: Special Edition,SOVR,2,2009-12-11
466b87fed610c79822ef32c9a67fb6f4,"Shonen Jump Vol. 8, Issue 1 promotional card",JUMP,1,2010-01-01
7f4464c7f59a3c0d465e9800ce72c58e,Twilight Edition,TWED,1,2010-01-05
b6506727d109999893773eeec8241315,Ultimate Edition,JMP,1,2010-01-05
32777305534104b933c36f0f9b04968f,Yu-Gi-Oh! GX Volume 4 promotional card,YG04,1,2010-01-05
c940854da875f0019ae2505fa28f1364,Turbo Pack: Booster Two,TU02,21,2010-01-09
d90cdc21f6905b80de6a05b0360c6656,Duelist Pack: Yusei 2,DP09,30,2010-01-15
d3b8127b599bea9b513dcd72fada35a2,Duel Terminal 1,DT01,100,2010-01-29
7d54846e4801e94ea2efefbbbd9c7539,Yu-Gi-Oh! R Volume 3 promotional card,YR01,1,2010-02-02
c5574435c9107dc8afc788a2b65f63a1,Absolute Powerforce Sneak Peek Participation Card,ABPF,1,2010-02-06
943e0e1c5540e4f842d0edfa0831739f,Absolute Powerforce,ABPF,100,2010-02-12
6b2bc8afd8c5a257e96e168ecddb4535,Machina Mayhem Structure Deck,SDMM,37,2010-02-19
8038862dc3cab6344de86987155ceb4c,Yu-Gi-Oh! 5D's World Championship 2010: Reverse of Arcadia promotional cards,WC10,3,2010-02-23
57e6a0f5e3ca222bf67fe4f504ab85b9,Shonen Jump March 2010 subscription bonus,JUMP,2,2010-03-01
b4c0983573e3c4f3e1045543b94d7b62,"Shonen Jump Vol. 8, Issue 3 promotional card",JUMP,1,2010-03-01
2e67ac515774f64321eb6e46ae677ccd,Duelist Pack Collection Tin 2010,DPCT,10,2010-03-05
f4382d8d3f3a894a613ffa9160ff36fc,Absolute Powerforce: Special Edition,ABPF,2,2010-03-26
0831cfd10b456ff995f15cabfeb1ec1f,Duelist Pack: Kaiba,DPKB,40,2010-04-16
b2e198180c5765dea78085f910697b74,Yu-Gi-Oh! R Volume 4 promotional card,YR04,1,2010-04-29
28136a2646b700eeb40fb4e0dedd70f3,Shonen Jump May 2010 subscription bonus,JUMP,2,2010-05-01
bfc80bd3954313d8863bd0a8df238e67,"Shonen Jump Vol. 8, Issue 5 promotional card",JUMP,1,2010-05-01
fe96fdb4b51db5721bc9af8afd1e5ac0,The Shining Darkness Sneak Peek Participation Card,TSHD,1,2010-05-01
bcf20e78948fb5b90ef26f3b73f4c4fe,The Shining Darkness,TSHD,100,2010-05-07
7292cab7b9431fd4142c46420dc89ae9,Yu-Gi-Oh! Championship Series 2010 Prize Cards,YCSW,3,2010-05-16
b7883e689e96ab505c94660a6e6afd43,Duel Terminal 2,DT02,100,2010-05-25
8272aa7c271a31209868ece93db778b8,Starter Deck: Duelist Toolbox,5DS3,42,2010-05-28
5110bf2ae6314094af58b301dae50b52,Yu-Gi-Oh! R Volume 5 promotional card,YR05,1,2010-06-02
ddf866728037e70034b35e522632d47e,Gold Series 3,GLD3,50,2010-06-18
8cded63479a1a1a00b6302f159f27bf2,"Shonen Jump Vol. 8, Issue 7 promotional card",JUMP,1,2010-07-01
72c7ff764b74b7a254450c96baee4b1e,Turbo Pack: Booster Three,TU03,21,2010-07-10
4e30336ae55065a38d6b52c8a8ff0112,Hidden Arsenal 2,HA02,60,2010-07-15
b549254175d47f3341a01e388754cbac,Duelist Revolution Sneak Peek Participation Card,DREV,1,2010-08-07
5cdd8732ac8b0d58c9e7e7f49da3ce37,World Championship 2010 Card Pack,WCPP,20,2010-08-14
c26a8f93f8d9788c6c05dc7e23cf2973,Duelist Revolution,DREV,100,2010-08-17
c6f1c9e41fb794210f4b12e140af9c9a,Collectible Tins 2010 Wave 1,CT07,15,2010-08-31
6e873c27a06167e531b905b7f081655c,"Shonen Jump Vol. 8, Issue 9 promotional card",JUMP,1,2010-09-01
2506f3b3380fa4a2bc3f64866e61730b,Duelist Revolution: Special Edition,DREV,2,2010-09-21
c1ec5010cd242bfdc8adb23e84f9e5f8,Duel Terminal 3,DT03,100,2010-09-25
8653613e0da6feb9a46d1554fa36abab,Legendary Collection,LC01,3,2010-10-01
64947736b740b28b20ad67a866e43b5c,Yu-Gi-Oh! GX Volume 5 promotional card,YG05,1,2010-10-05
496bd78ff7f6eef0f3c2b1d2b2dc17bf,Structure Deck: Marik (TCG),SDMA,38,2010-10-15
9f59a6969254d99ba6a358161e3cf677,Yu-Gi-Oh! 5D's Tag Force 5 Promotional Cards,TF05,3,2010-10-26
00fb7fd7fa4cfa0a2b2ad79c3aa20b64,"Shonen Jump Vol. 8, Issue 11 promotional card",JUMP,1,2010-11-01
c978e314535ab4348c731481447cfab7,Collectible Tins 2010 Wave 2,CT07,10,2010-11-02
91c34f1c8c72ee993d35cc8612a8e325,Starstrike Blast Sneak Peek Participation Card,STBL,1,2010-11-06
0479c94d8b411cbeeb36d2e60f31e871,Starstrike Blast,STBL,100,2010-11-11
137f22703cd195a71b9afc744cb12808,Turbo Pack: Booster Four,TU04,21,2010-11-13
9439962c99e6ffa19d5cfdce0c8124ed,X-Saber Power-Up,XSPU,1,2010-11-23
5bdf36b3420f850c92d70fec32712201,Duelist League 2 participation cards,DL11,21,2010-12-01
fd0e44aecff55028d80b352708d97a66,Shonen Jump December 2010 subscription bonus,JUMP,2,2010-12-01
1810bd1ffc31332ffb5d461c9ca23e35,Hidden Arsenal 3,HA03,60,2010-12-02
efd1cc2b2a9d12862939861510d6c338,Yu-Gi-Oh! 5D's Duel Transer promotional cards,YDT1,3,2010-12-07
2212087af4b5409706aea5810d518b1f,"Shonen Jump Scholastic Edition Vol. 9, Issue 1 promotional card",JMPS,1,2011-01-01
aea5231e1ce741f1caeeb8c34784020f,"Shonen Jump Vol. 9, Issue 1 promotional card",JUMP,1,2011-01-01
1afc8186a68f9d68f68e566d298fc1c9,Duelist Pack: Yusei 3,DP10,30,2011-01-21
25532afd4417bb450c3b249ab95a5914,Duel Terminal 4,DT04,100,2011-01-25
8837dbd7e122a3f41bea4b3dd95ed503,Storm of Ragnarok Sneak Peek Participation Card,STOR,1,2011-02-05
e6ca71181a5ec8f4905c1293c16738d4,Storm of Ragnarok,STOR,100,2011-02-08
1514f577f02c300a2dba576a9666479c,Demo Pack,DEM1,20,2011-02-12
fa35991845aecec618578dca1dbc2370,Yu-Gi-Oh! 3D Bonds Beyond Time Movie Pack,YMP1,9,2011-02-22
a86fdedd8eb467e0dcdecf3900b4527e,Yu-Gi-Oh! 3D Bonds Beyond Time Theater distribution card,MOV2,1,2011-02-22
deaaed5c66f60ba4b5bd887f10925ddf,"Shonen Jump Vol. 9, Issue 3 promotional card",JUMP,1,2011-03-01
6f300adf711d2b8a3746b0368db64195,Yu-Gi-Oh! GX Volume 6 promotional card,YG06,1,2011-03-01
54fec7123a9e729d930de4c102af99df,Dragunity Legion Structure Deck,SDDL,39,2011-03-04
c2321a878a45f27926629e1f4cf36db2,Storm of Ragnarok: Special Edition,STOR,2,2011-03-22
08658540b31d1723b9199595b568bdad,Duelist Pack Collection Tin 2011,DPC5,4,2011-03-31
bc18a8a359710c6180a2e9f7454e084a,"Shonen Jump Vol. 9, Issue 4 promotional card",JUMP,1,2011-04-01
cd087555a72641223fb2e769010286d1,Turbo Pack: Booster Five,TU05,21,2011-04-09
9dda54b2ec9176b5ae4605098b46f040,Hidden Arsenal 4: Trishula's Triumph,HA04,60,2011-04-15
840e027851be427a04ee65f84e8c1cfb,Extreme Victory Sneak Peek Participation Card,EXVC,1,2011-04-30
e04096e545cda8dd67e5cf2d17ae2aa5,Yu-Gi-Oh! World Championship Qualifier National Championships 2011 prize cards,WQ11,3,2011-05-01
4f36a98f48b8ba92cdc99876703daabf,Extreme Victory,EXVC,100,2011-05-06
833a1809a211548f15895224b98cbc5d,Yu-Gi-Oh! 5D's World Championship 2011: Over the Nexus promotional cards,WC11,3,2011-05-10
d99e71a4a65b61ba985e430e09a6ed4a,Duelist Pack: Crow,DP11,30,2011-05-27
d17773171033a2bf53dddae9687ac48a,Duel Terminal 5,DT05,2,2011-05-29
09ce0386f2a41a163a672ad1f91c1597,Duel Terminal 5a,DT05,50,2011-05-29
583996d28462b403c6a10acf81d361ef,Duelist League 3 participation cards,DL12,19,2011-06-01
51ac31c79764c69a2e10b9f9318f5c38,Shonen Jump June/July 2011 subscription bonus,JUMP,2,2011-06-01
0698a8ee81344ae22b12893e6ca336e4,"Shonen Jump Vol. 9, Issue 6 promotional card",JUMP,1,2011-06-01
e915b244183c20fd1ccc6004a5ec2f55,Lost Sanctuary Structure Deck,SDLS,38,2011-06-10
73116358b20b31a9b536099f3f043710,Gold Series 4: Pyramids Edition,GLD4,50,2011-06-24
e61096576e90fc929dfa368f70b24276,Yu-Gi-Oh! 5D's Volume 1 promotional card,YF01,1,2011-07-06
dbd1751a944eea23d37f49ca2502f89a,Starter Deck: Dawn of the Xyz,YS11,43,2011-07-08
5ed7a70a62041b1c4f91941283e055cd,Hidden Arsenal: Special Edition,HASE,2,2011-07-22
623a34c271283b22d06cf6bcc84983eb,Yu-Gi-Oh! 3D Bonds Beyond Time DVD promotional card,MOV2,1,2011-07-25
30b1150e2e561f0f511b62349ee2bf39,World Championship 2011 Card Pack,WP11,20,2011-08-01
e51ff6ff96ea66dffab8252daf8b9f95,Turbo Pack: Booster Six,TU06,21,2011-08-04
e0381e12a2255dcc74f79d49165912b8,Generation Force Sneak Peek Participation Card,GENF,1,2011-08-06
4ae287786d64fac829afa42389fd61d4,Yu-Gi-Oh! Championship Series 2011 Prize Card,YCSW,1,2011-08-07
e8f68a56ea7a631687c06b9cd799ac2d,Yu-Gi-Oh! GX Volume 9 promotional card,YG09,1,2011-08-07
b4481b68a8ce80f89ab590babd81f1d6,Generation Force,GENF,100,2011-08-16
ce2c4dbcd16ddecd5586e2fb19e2b432,Yu-Gi-Oh! GX Volume 7 promotional card,YG07,1,2011-08-18
8976b4d7a8218ad8fa07dea8071b1c08,Collectible Tins 2011 Wave 1,CT08,9,2011-08-25
aa11d3924e9051a924ec3086ae5a953a,"Shonen Jump Vol. 9, Issue 8 promotional card",JUMP,1,2011-09-01
f510debf5bb81c1615cbf05006621099,Generation Force: Special Edition,GENF,2,2011-09-15
2429567f7cbfdfa3fc3cfadd57c63e2c,Duel Terminal 5b,DT05,50,2011-09-29
4626ff4cdd9d389d19a03800f1033904,Legendary Collection 2: The Duel Academy Years,LC02,13,2011-10-04
a3d60a924aaac2198910dd569b21264f,Legendary Collection 2: The Duel Academy Years Mega Pack,LCGX,266,2011-10-04
3f33498661590f385db2783d1e29abd5,Gates of the Underworld Structure Deck,SDGU,39,2011-10-13
7721dab6cc1ab0133473a87a701ecf54,Collectible Tins 2011 Wave 2,CT08,9,2011-11-01
d3f30ff21c1319627f2dd581f43e05ea,Photon Shockwave Sneak Peek Participation Card,PHSW,1,2011-11-05
7c291aeddb69fc1e37dd23eb1aac3a42,Photon Shockwave,PHSW,100,2011-11-10
37b3b473a4f1b32a2cf8b46ae370fd66,Duelist League 13 participation cards,DL13,20,2011-12-01
a7f06845aad10dca0a4793da01b87590,Hidden Arsenal 5: Steelswarm Invasion,HA05,60,2011-12-01
8bad869231a690d830a1965f6523c340,Shonen Jump December 2011 subscription bonus,JUMP,2,2011-12-01
e9dd65318a1e4b7ef0c72f5fd586175f,"Shonen Jump Vol. 9, Issue 10 promotional card",JUMP,1,2011-12-01
33cf5be2be5e05273a8af9e7053118b5,Samurai Assault,SAAS,1,2011-12-06
5035084806b77af4463b166f07d30434,"Shonen Jump Vol. 10, Issue 1 promotional card",JUMP,1,2012-01-01
2e07523c57de6e3fc396d1f626a72a52,Turbo Pack: Booster Seven,TU07,21,2012-01-01
a5d5ca23c2457033fd9dfcf4cc27b3a6,Yu-Gi-Oh! GX Volume 8 promotional card,YG08,1,2012-01-03
c07bcdc81f07b15d7aad53ceecdc2abf,Order of Chaos Sneak Peek Participation Card,ORCS,1,2012-01-14
51d8fc668777c96deda62e45004d1b82,Order of Chaos,ORCS,100,2012-01-20
16143154c76b25b2a09a2dbabd987990,Dragons Collide Structure Deck,SDDC,40,2012-02-03
ba15c08655e3f6d93a13dfe0dba2981d,Duel Terminal 6,DT06,2,2012-02-03
29b84a69b4ed47f6c0796ebcf036b662,Duel Terminal 6a,DT06,50,2012-02-03
e721e586e9c6a3a82313dbc150bc1650,Yu-Gi-Oh! 5D's Volume 2 promotional card,YF02,1,2012-02-07
f4b6bdbdc3361f9317a9ffdea5f6d8ce,Ra Yellow Mega Pack,RYMP,113,2012-02-17
ac4652fdaec013e2d33c1fc790979d6d,"Shonen Jump Vol. 10, Issue 3 promotional card",JUMP,1,2012-03-01
41c108a533bcbe2a0114bf00e39c06bd,Order of Chaos: Special Edition,ORCS,2,2012-03-02
1219407202ee28229663248daf00d152,Premium Collection Tin,PRC1,25,2012-03-16
2a8ff1d284001f99bd5df0e7f0cb927e,Hidden Arsenal 5: Steelswarm Invasion: Special Edition,H5SE,2,2012-03-30
4e178356617e3ce81255c54922a0e88e,"Shonen Jump Vol. 10, Issue 4 promotional card",JUMP,1,2012-04-01
ad2d9b45529d2768166f2f97820eca10,Starter Deck: Xyz Symphony,YS12,43,2012-04-13
ab42113e9ce0106e56e9fb7f654d3b67,Galactic Overlord Sneak Peek Participation Card,GAOV,1,2012-04-28
6be8c2a4292c11acd5f7c207507704f9,Galactic Overlord,GAOV,100,2012-05-08
b8449f6dd6d43e0fc7758e96c006185b,Battle Pack: Epic Dawn,BP01,220,2012-05-24
a00a63e0f7cb537cee6fd1a918837b7d,Duel Terminal 6b,DT06,50,2012-05-25
b780fa94837f3ac8b2d0b6412353ec1c,Battle Pack Tournament Prize Cards,BATT,20,2012-05-29
71033646788a3411b97987b6498c7dfb,Weekly Shonen Jump Alpha April 2012 membership promotional card,JUMP,1,2012-05-30
fae53d94a4fa5fcd42f253fc700549fb,Duelist League 14 participation cards,DL14,20,2012-06-01
cab138fc38b513ca1ba6ebfdfa49194c,Turbo Pack: Booster Eight,TU08,21,2012-06-01
bc03f394c4dbd1b5bbc78742d5b8aa10,Yu-Gi-Oh! ZEXAL Volume 1 promotional card,YZ01,1,2012-06-05
49089d468efc28d7fe77a27adc970b2d,Gold Series: Haunted Mine,GLD5,55,2012-06-07
8683cbb693a640dc08d0fb0b700c9dde,Ra Yellow Mega Pack: Special Edition,RYMP,1,2012-06-12
c570582574a239f2ee1d6861c73e674d,Samurai Warlords Structure Deck,SDWA,41,2012-06-21
fa24f5d2ba180cf4a0f10b4a9164ed49,Hidden Arsenal 6: Omega Xyz,HA06,60,2012-07-24
9d222a59ea6c6a91a65da82042ea3e77,Collectible Tins 2012 Wave 1,CT09,9,2012-08-10
fe86eb0e486a3239002265c3da3ca7ce,Return of the Duelist Sneak Peek Participation Card,REDU,1,2012-08-18
278c22fd91c8375f5f21a3ace166ef30,Return of the Duelist,REDU,100,2012-08-24
0fc9659823503e5deecb1480dfd0a190,Weekly Shonen Jump Alpha July 2012 membership promotional card,JUMP,1,2012-08-27
da47161ed19bf3c030196f412b9c9eaf,Yu-Gi-Oh! Championship Series 2012 Prize Card,YCSW,1,2012-09-01
d3c332d882c2f07581cdd7337f0e4222,Return of the Duelist: Special Edition,REDU,2,2012-09-21
33f79d20a5c79e357e0dc7532e34f800,Legendary Collection 3: Yugi's World,LC03,4,2012-09-27
01cbe9a927b99673dbd10feeaf752db5,Duel Terminal 7,DT07,1,2012-09-28
cd5cf6590fbb344744eb7ad7cb2a783e,Duel Terminal 7a,DT07,51,2012-09-28
7c6e77a5a83de29d749226ae0eb952f2,Legendary Collection 3: Yugi's World Mega Pack,LCYW,306,2012-09-29
e3af95a8439f11640aafd78642d5703f,Yu-Gi-Oh! 5D's Volume 3 promotional card,YF03,1,2012-10-02
ede03e9cb79e96eccb6afc8855212d72,Realm of the Sea Emperor Structure Deck,SDRE,39,2012-10-11
cd4c2aa4a5120f1427338f28e30c777f,Weekly Shonen Jump Alpha September 2012 membership promotional card,JUMP,1,2012-10-12
b5695411e806c63613deb66fc182ad83,Collectible Tins 2012 Wave 2,CT09,9,2012-10-26
b6660c93947b33b825257a414e87771f,Abyss Rising Sneak Peek Participation Card,ABYR,1,2012-11-03
7c2c3a4e72dcda348ff2564980fce2a9,Abyss Rising,ABYR,100,2012-11-09
344372b1285448ad3260fa0505276af7,Astral Pack One,AP01,25,2012-11-23
831b2c374b1559b8198d9bbd2d77643f,Yu-Gi-Oh! ZEXAL Volume 2 promotional card,YZ02,1,2012-12-04
d360ef5d34d33946dc533eceacde086c,Abyss Rising: Special Edition,ABYR,2,2012-12-05
7e19528f1a50f9f66de97da0580f6721,Duelist League 15 participation cards,DL15,20,2012-12-15
7b01aa3ae6cb2efb73d315dcbfa5f504,Weekly Shonen Jump Alpha December 2012 membership promotional card,JUMP,1,2012-12-25
15f66af9b767cc922621f89a25f3bec3,Collectible Tins 2012 Wave 2.5,CT09,5,2013-01-18
825380d01f003e1825e5734dcdc98691,Cosmo Blazer Sneak Peek Participation Card,CBLZ,1,2013-01-19
11f376749f8e6a1595fc008a21e2f562,Cosmo Blazer,CBLZ,100,2013-01-25
6b4b1caf577fc9a95fefef365be47c43,Duel Terminal 7b,DT07,49,2013-02-01
ecb2d155c8d3bbf89e264d66fc95a5e7,Onslaught of the Fire Kings Structure Deck,SDOK,39,2013-02-08
3d0e7c673619d3e6894843ba6759630a,Star Pack 2013,SP13,50,2013-03-01
1b09c08690f57fd9b7f713fa2badd00b,Zexal Collection Tin,ZTIN,24,2013-03-07
0ab7bd98fd4d07f07db711387769feb6,Weekly Shonen Jump March 2013 membership promotional card,JUMP,1,2013-03-15
b159482c34411a008eb449043664038d,Cosmo Blazer: Special Edition,CBLZ,2,2013-03-21
2ff41743a27e1319aeb0385ce4d31940,Yu-Gi-Oh! 5D's Volume 4 promotional card,YF04,1,2013-04-02
61cf10df1b862058aacb01705bc58ca6,Astral Pack Two,AP02,25,2013-04-19
227ed3c80bba8dd3fb022f42fd4b0d95,Hidden Arsenal 7: Knight of Stars,HA07,70,2013-04-26
554e1d57b547e9fd8a7cf9ef8d2a7522,Lord of the Tachyon Galaxy Sneak Peek Participation Card,LTGY,1,2013-05-11
9ad67ed30f031e35ee6c4118e04bc352,Lord of the Tachyon Galaxy,LTGY,100,2013-05-17
f1fa141a40fc370de855b57e4e159259,Yu-Gi-Oh! ZEXAL Volume 3 promotional card,YZ03,1,2013-06-04
f55e0bfef325c4369d1ae99cf33f62c0,Super Starter Power-Up Pack,YS13,15,2013-06-14
2d5a3babe4c721e09dac8eb6bd93247c,Super Starter: V for Victory,YS13,42,2013-06-14
424cd414aa7c40f77530cf69f4102635,Battle Pack 2: War of the Giants,BP02,215,2013-06-28
f4279a5f2eb17cea84e2318ac62732fe,Duelist League 16 participation cards,DL16,20,2013-07-01
854df59b6bc044319629ad40d2ceb268,Weekly Shonen Jump July 2013 membership promotional card,JUMP,1,2013-07-09
8748de4289c2dedff0393a696754f2e4,Number Hunters,NUMH,60,2013-07-12
3c2991618aa7d7e2a14c38c846cf9d11,Judgment of the Light Sneak Peek Participation Card,JOTL,1,2013-08-03
fb2696367bea69cf285e4090b3e08d5c,Judgment of the Light,JOTL,100,2013-08-08
1df27e03d2d00a4a6055ee9d57495c41,2013 Collectible Tins Wave 1,CT10,9,2013-08-30
a85069e3850b5d9c255820333d31445e,Yu-Gi-Oh! Championship Series 2013 Prize Card,YCSW,1,2013-09-01
d86992178c08505beee4624aea446125,Saga of Blue-Eyes White Dragon Structure Deck,SDBE,40,2013-09-12
411e1e7224accd39250b325567ad861e,Astral Pack Three,AP03,26,2013-09-13
cb24ed3088bdcd7918e7cc3d716157ac,Judgment of the Light: Deluxe Edition,JOTL,4,2013-09-27
ed0d246ecf6bb5e9f33a55955b297f05,Legendary Collection 4: Joey's World,LC04,6,2013-10-11
005eba16ef83bd8139478a7055c438c0,Legendary Collection 4: Joey's World Mega Pack,LCJW,298,2013-10-11
983b6d4a9093ab2226c775dbd00e36cd,Weekly Shonen Jump September 2013 membership promotional card,JUMP,1,2013-10-24
855bb5d05f1a2ef655b5741c9d748abb,Shadow Specters Sneak Peek Participation Card,SHSP,1,2013-11-02
61c976b98b9d1474596b72c8aae309ac,Yu-Gi-Oh! 5D's Volume 5 promotional card,YF05,1,2013-11-05
36fba37f7f69570e005ac86f86f6bf8a,Shadow Specters,SHSP,100,2013-11-08
fd90fce60c6f7c36b0faed918e1026fa,2013 Collectible Tins Wave 2,CT10,9,2013-11-22
e78f7804bd645ab944d512f17007ac94,Starter Deck: Kaiba Reloaded,YSKR,48,2013-12-06
dd08e43806a421b68de5f930130966ea,Starter Deck: Yugi Reloaded,YSYR,46,2013-12-06
0c6ec34da89e970c909f1f340fa08e61,Duelist League 17 participation cards,DL17,20,2013-12-13
ab05ab7ff848def32842ea8aece672a1,Shadow Specters: Special Edition,SHSP,2,2013-12-13
1419903e02d569fc2391de84eec5cbc8,Weekly Shonen Jump December 2013 membership promotional card,JUMP,1,2013-12-15
6f520b27994eec03a434e4ba3526a2fc,Primal Origin Plus,PRIO,1,2014-01-01
fc6be18309ffd40f86991abdd94abc65,Yu-Gi-Oh! ZEXAL Volume 4 promotional card,YZ04,1,2014-01-07
cf43e4a39d3322c2dc11e587c6366209,War of the Giants Reinforcements,WGRT,104,2014-01-17
4170e54a48da1a816e4958e1ff7f6d71,War of the Giants: Round 2,BPW2,103,2014-01-17
778d5223ee7127b94b655959bc8e140c,Legacy of the Valiant Sneak Peek Participation Card,LVAL,1,2014-01-18
d1d91028d9f2df773282a0d154ab9fd5,Legacy of the Valiant,LVAL,100,2014-01-24
8453ff3c2ad6222fbb642b28302940f2,Cyber Dragon Revolution Structure Deck,SDCR,38,2014-02-06
e74f58f0510a72895c01c7bcc447a6f3,Astral Pack Four,AP04,26,2014-02-07
f80972e9e105372c90653606e7d8b3f7,Star Pack 2014,SP14,50,2014-02-21
b6f041800be67321cb6dbf9620c64e56,Legacy of the Valiant: Deluxe Edition,LVAL,4,2014-03-07
e37593e178862885423320f7ac00722b,Weekly Shonen Jump March 2014 membership promotional card,JUMP,1,2014-03-13
b10b4352c55dc9fbb5d188ea621ac5c5,Premium Gold,PGLD,90,2014-03-28
f425b0a735973c345581c9605e533306,Fire Fists: Special Edition,FFSE,1,2014-04-04
22707513e1903b33f9574972d7a35995,Dragons of Legend,DRLG,51,2014-04-25
405f133057bea4f7c43b76100237500c,Primal Origin Sneak Peek Participation Card,PRIO,1,2014-05-10
8007a1c8006a18a8c38330a599bcf123,Primal Origin,PRIO,100,2014-05-16
a3c464c502d13212497ec1460bea5944,Primal Origin: Deluxe Edition,PRIO,4,2014-06-12
7e21001b3ec96783527cb5d0248ca79e,Yu-Gi-Oh! ZEXAL World Duel Carnival promotional cards,ZDC1,3,2014-06-26
4671e4bd7249d8a43dda3dec12cceb5b,Duelist League 18 participation cards,DL18,20,2014-06-27
74d268a12a33e082dcee71b249e4402b,Realm of Light Structure Deck,SDLI,36,2014-06-27
d89889b91b1d423f5a7a021695d398ed,Yu-Gi-Oh! ZEXAL Volume 5 promotional card,YZ05,1,2014-07-01
e668ef246e51da573d2987d5a350134c,Space-Time Showdown Power-Up Pack,YS14,15,2014-07-10
a8f7d29474eb5d70054f469da35d2a26,Super Starter: Space-Time Showdown,YS14,40,2014-07-10
99d6f9095355e14568fcfd597a420490,Astral Pack Five,AP05,26,2014-07-25
87061e9044e7d0528e8b60c21adb0874,Battle Pack 3: Monster League,BP03,237,2014-07-31
05c968a488530ddb12ad514e91888d47,Duelist Alliance Sneak Peek Participation Card,DUEA,1,2014-08-09
922a57e0590bdc3fc53d64d9b3fe76c7,Duelist Alliance,DUEA,100,2014-08-14
0de48d9c3b0086d0961b54419665d6d4,Weekly Shonen Jump August 2014 membership promotional card,JUMP,1,2014-08-18
7224e82da41ec50ae719fcc99fec38b6,2014 Mega-Tin Mega Pack,MP14,247,2014-08-28
cce4ee9a927a42de2980b25138d3be91,2014 Mega-Tins,CT11,6,2014-08-28
040d4a96c752f5ab928869f293fefde0,Yu-Gi-Oh! 5D's Volume 6 promotional card,YF06,1,2014-09-02
b2ecb0838fc19e59010e2df77109b097,Yu-Gi-Oh! Championship Series 2014 Prize Card,YCSW,1,2014-09-07
9c5dcfe1210afd5498db902115f7611e,Duelist Alliance: Deluxe Edition,DUEA,7,2014-09-11
59ff5240b6a34b5bfc54205b559027d3,Weekly Shonen Jump November 2014 membership promotional card,JUMP,1,2014-10-08
12aba9ced4764fae3abb9d204d21c888,Geargia Rampage Structure Deck,SDGR,35,2014-10-16
dfdc1c523f95fe6889c2c6cdf21f79b9,Legendary Collection 5D's,LC05,5,2014-10-23
7c0ee7fabbf9093b04eb661478db5561,Legendary Collection 5D's Mega Pack,LC5D,256,2014-10-23
41667d172724f623f6b79825f86d5acd,The New Challengers Sneak Peek Participation Card,NECH,1,2014-11-01
774578ab8e9131aedd786a1cc57fc1a0,The New Challengers,NECH,100,2014-11-06
fd1e0244d83762f53fbd96be32f57724,Noble Knights of the Round Table Box Set,NKRT,38,2014-11-20
ad587e8f4904d0e3397a9bf2a7cce39a,Noble Knights of the Round Table Power-Up Pack,NKRT,6,2014-11-20
03a4d5a560a555e5168ce75fe71bd2c1,The New Challengers: Super Edition,NECH,14,2014-12-04
86b5124a175209037d24e31fbab70e44,Astral Pack Six,AP06,28,2014-12-05
6d15f8dd49381c3a2a6bafc8caee1b20,Secrets of Eternity Sneak Peek Participation Card,SECE,1,2015-01-10
b0606792e1cb727d75e9e61821ffece4,Secrets of Eternity,SECE,100,2015-01-15
a3f811934031ac406e45353c5710b2c3,HERO Strike Structure Deck,SDHS,45,2015-01-29
93c89a569f77bed5e807bac5b4f0579c,Yu-Gi-Oh! ZEXAL Volume 6 promotional card,YZ06,1,2015-02-03
ba7021ea31ff140cd59e049074aa0432,The Secret Forces,THSF,60,2015-02-12
069c002508153b3121f125f95376d87a,Weekly Shonen Jump February 2015 membership promotional card,JUMP,1,2015-02-19
102315c19c0571f2fd7f21207307f869,Secrets of Eternity: Super Edition,SECE,14,2015-02-26
f37fae9921482135335b0260815a3a92,Yu-Gi-Oh! 5D's Volume 7 promotional card,YF07,1,2015-03-03
efb8f2450d9faf607df5caa1b4d3abcf,Premium Gold: Return of the Bling,PGL2,91,2015-03-19
fb006ecb0742b4ec5e6f1b2ba98cb246,Demo Deck 2015,DEM2,20,2015-03-30
ef45e8598d36df9cc3a8ae03904f10d0,World Superstars,WSUP,50,2015-04-16
7ca032fc7948ac7295699cfb1ce5e741,Weekly Shonen Jump April 2015 membership promotional card,JUMP,1,2015-05-07
520b7d1db24d005404d4d72af098f650,Crossed Souls Sneak Peek Participation Card,CROS,1,2015-05-09
22e43c6247690300afe191ade90adab0,Crossed Souls,CROS,100,2015-05-14
5a701245b4f90fecdf5d4875989c2888,2-Player Starter Deck: Yuya & Declan,YS15,42,2015-05-28
9b84a3ded2f08df1cf9d58fda862a838,Dark Legion Starter Deck,YS15,29,2015-05-29
7648f87297eb45982bdc930168f1a148,Saber Force Starter Deck,YS15,28,2015-05-29
0066143555bb13b5699eb5635a28d6a5,Astral Pack Seven,AP07,27,2015-06-04
ef8b913d5f49de0798a5c8b77617faee,Star Pack ARC-V,SP15,50,2015-06-12
03e90883b2113627cd020c51bb3710d2,Duelist Pack: Battle City,DPBC,47,2015-06-19
932209f684fe58a800a204e4de97544c,Weekly Shonen Jump July 2015 membership promotional card,JUMP,1,2015-07-01
7351cc1a3e1e1554df288a9d284495a5,Crossed Souls: Advance Edition,CROS,4,2015-07-02
b614bbe67e9d35ad0888f7c5c0e5378d,Dragons of Legend 2,DRL2,45,2015-07-16
902b62f118749f50f150ae8e54d850d3,Clash of Rebellions Sneak Peek Participation Card,CORE,1,2015-08-01
f10dffa4416a0f1c70f21e1f1d338cdb,Clash of Rebellions,CORE,100,2015-08-06
468ef2a7f53539fd26bccf9140f8725e,Synchron Extreme Structure Deck,SDSE,43,2015-08-27
65428435a2702e31b7e6aae1313e135c,Yu-Gi-Oh! Championship Series 2015 Prize Card,YCSW,1,2015-08-30
938e1e6abfecfd3a161fe0d73aaa4bc2,Yu-Gi-Oh! ZEXAL Volume 7 promotional card,YZ07,1,2015-09-01
ebcf2adcd9679d0dcc72352f53d09dc6,2015 Mega-Tin Mega Pack,MP15,247,2015-09-17
f6ad813d29f36b489e8b55831f2d7800,2015 Mega-Tins,CT12,6,2015-09-17
4d88fdebf2f47b191a0eff8ae615dd02,High-Speed Riders,HSRD,60,2015-10-01
c010ace8d732581f0e2e12dfad69898f,Yu-Gi-Oh! 5D's volume 8 promotional card,YF08,1,2015-10-06
10c7342df4eade79f3cc18261df8ebfa,Weekly Shonen Jump October 2015 membership promotional card,JUMP,1,2015-10-07
12433be5a61ee9cbe5a176a04aa80687,Astral Pack Eight,AP08,27,2015-10-23
eb63da9a6f9c742d9789b083ddbe1052,Dimension of Chaos Sneak Peek Participation Card,DOCS,1,2015-10-31
38ea89b43162d02e2ed859ce622dab09,Dimension of Chaos,DOCS,100,2015-11-05
b6a053e6532fd01877970f36bf03a6d1,Yugi's Legendary Decks,YGLD,126,2015-11-12
f53b0bef638f185a6f64acee0a5f5355,Master of Pendulum Structure Deck,SDMP,43,2015-12-03
92ba5ef6b6e74de1ab12f8ba98f436f0,Dimension of Chaos: Special Edition,DOCS,4,2015-12-10
92ed29cc1e38661ced69a7a0f102f6d4,Clash of Rebellions: Special Edition,CORE,4,2015-12-11
7ed3ca17039b351a51cc0afaa90b17b3,Breakers of Shadow Sneak Peek Participation Card,BOSH,1,2016-01-09
a1c14cc8da23f716d0e8e532bfb6c455,Breakers of Shadow,BOSH,100,2016-01-14
db66bf2bb0c1af83a025725e795337f7,Demo Deck 2016,DEM3,20,2016-01-14
ffadfa224feba5632c583b9931e2e3a3,Weekly Shonen Jump January 2016 membership promotional card,JUMP,1,2016-01-18
00e329416fdfe2945d3449ec817d2819,Emperor of Darkness Structure Deck,SR01,41,2016-01-28
2e1effa52729b5703858e768e79c6f31,WSJ Jump Pack Spring 2016 promotional card,JMPS,1,2016-02-01
e9bdcd10bdbbf1f92b271e3c3f041d39,Wing Raiders,WIRA,60,2016-02-11
e84434db32ac750e4ec7061db330fda4,Breakers of Shadow: Special Edition,BOSH,4,2016-02-25
9a87c3ea79a4a9443849c3affc10173f,Yu-Gi-Oh! ZEXAL Volume 8 promotional card,YZ08,1,2016-03-01
1eb2553b45fe4c9104bcf82a1345d2f9,Premium Gold: Infinite Gold,PGL3,100,2016-03-17
8a08763269a34ce6ba948a21a9bb5ed1,OTS Tournament Pack 1,OP01,27,2016-03-18
26877d3bdd271cf88092c9226c9f591e,Yu-Gi-Oh! 5D's Volume 9 promotional card,YF09,1,2016-04-05
296b0c0bf41fe8b167baac3f8aba595d,Millennium Pack,MIL1,48,2016-04-14
9356a3a81fdf7236b5228106848eff0f,Weekly Shonen Jump April 2016 membership promotional card,JUMP,1,2016-04-20
31342fe95a9c0fe6620924d96d30a17f,Shining Victories Sneak Peek Participation Card,SHVI,1,2016-04-30
b3c2e796543ba88d7aca52cda11c06c4,Shining Victories,SHVI,100,2016-05-05
1e9c0cba8cd6ed4709551d0cd8a12023,Starter Deck: Yuya,YS16,43,2016-05-26
a8ca2b9e05d0f3dec8b856ae4e3daf68,Shining Victories: Special Edition,SHVI,4,2016-06-16
7881f1b2b583189d5d1f7fb2d9f011c7,WSJ Jump Pack Fall 2016 promotional card,JMPS,1,2016-07-01
44cc7322e1fd4868b9299f469f211872,Weekly Shonen Jump July 2016 membership promotional card,JUMP,1,2016-07-04
2ed70f31b2e82f37592e7aa92e7c436f,Rise of the True Dragons Structure Deck,SR02,41,2016-07-07
e7d2e721e181f2c63cb16ab9bd6aa527,OTS Tournament Pack 2,OP02,27,2016-07-15
c3eed2909422a0f9798ecbca18175334,Yu-Gi-Oh! The Dark Side of Dimensions Movie Pack,MVP1,57,2016-07-21
2b6b35af5339d24f268e045da94a821b,The Dark Illusion Sneak Peek Participation Card,TDIL,1,2016-07-30
9df7fe0fb64973a123428222f7a766f1,The Dark Illusion,TDIL,100,2016-08-04
210221ec4af0d99226b267c3802acf11,Dragons of Legend: Unleashed,DRL3,73,2016-08-18
b0ea09c12636ec8ffd4e8f61b1f93483,Yu-Gi-Oh! Championship Series 2016 Prize Card,YCSW,1,2016-08-28
3bbff0e4b3edb9f6363fb5af6bde2021,2016 Mega-Tin Mega Pack,MP16,239,2016-09-01
341449569547979215962bcfe5c84a21,2016 Mega-Tins,CT13,12,2016-09-01
8a1a7a01babbe09114a7942ffc19b135,Yu-Gi-Oh! ZEXAL Volume 9 promotional card,YZ09,1,2016-09-06
ace9d41afbfc03402c03df6917a946f0,Duelist Pack: Rivals of the Pharaoh,DPRP,46,2016-09-15
d3cd92af8c76d25cf1de2a16bdf720da,The Dark Illusion: Special Edition,TDIL,4,2016-09-15
dc9e9b7ce61fd372e15eb79faac0a51e,Legendary Decks II,LDK2,130,2016-10-06
26cede40f5104d243458ee86a168c36a,Weekly Shonen Jump October 2016 membership promotional card,JUMP,1,2016-10-06
39c026341eede69f80493444a970db4d,Structure Deck: Seto Kaiba,SDKS,44,2016-10-20
c1158a516dc67cd764c23d402a5aadcf,Structure Deck: Yugi Muto,SDMY,45,2016-10-20
208339d290cc676953fa9d2e5a1eb94b,Invasion: Vengeance Sneak Peek Participation Card,INOV,1,2016-10-29
7ee33bb4fad97bf17b3e5404bdaa6eab,Invasion: Vengeance,INOV,100,2016-11-03
d32a9db5bc8f1e0e8e18a5ad0c236439,Destiny Soldiers,DESO,60,2016-11-17
a45aeb55843ddcb4c659cec9a03c8489,OTS Tournament Pack 3,OP03,27,2016-11-17
d08f441119934aa01ba2245ba789c0b3,Invasion: Vengeance: Special Edition,INOV,4,2016-12-08
6289ea44a86fcc783c787366fc3a0faf,WSJ Jump Pack Spring 2017 promotional card,JMPS,1,2017-01-01
11939da23eef6870962c5be84361d6fd,Yu-Gi-Oh! The Dark Side of Dimensions Movie Pack: Gold Edition,MVP1,61,2017-01-12
d65929fa5109d40b6858d8b2634f0324,Weekly Shonen Jump January 2017 membership promotional card,JUMP,1,2017-01-16
1c776a73d9ffc801d13065227a2e7eac,Pendulum Domination Structure Deck,SDPD,43,2017-01-19
eec5767b77b3f8ac8ad9c6e3d7d62d48,Yu-Gi-Oh! The Dark Side of Dimensions Theater distribution cards,MVPC,1,2017-01-27
179081cb4590362c0dcc74f74bf8e078,Raging Tempest Sneak Peek Participation Card,RATE,1,2017-02-04
2280df8b0216253b8059876bc8745f43,Raging Tempest,RATE,100,2017-02-09
c298ec426e621c56055f9eabc7c3a0ef,Fusion Enforcers,FUEN,60,2017-02-23
7c09e2d8bcce0a806acb034e1cb085ff,Star Pack Battle Royal,SP17,50,2017-03-09
689a141951e2dfc65c7ef037838bb0e4,Raging Tempest: Special Edition,RATE,4,2017-03-16
96b30f7b59ec2e0fb430c0ce1354f00f,Duelist Saga,DUSA,100,2017-03-30
93ff9e4c11467bd37f98cba0591d389d,Weekly Shonen Jump April 2017 membership promotional card,JUMP,1,2017-04-01
e8ae1c2ab8633c999388d40fa76ee958,Yu-Gi-Oh! ARC-V Volume 1 promotional card,YA01,1,2017-04-04
486742dbab8e355e93924b17aceac8ad,OTS Tournament Pack 4,OP04,27,2017-04-06
15a6196140765e09ae0636f48a47f558,Dinosmasher's Fury Structure Deck,SR04,39,2017-04-13
2984551a0ea16439e1b2784b49abbe92,Machine Reactor Structure Deck,SR03,40,2017-04-13
73d130cadd6b87355bea6b00420df22e,Maximum Crisis Sneak Peek Participation Card,MACR,1,2017-04-29
ebc400e21e238014d979aaf26917d906,Maximum Crisis,MACR,100,2017-05-04
5d0ab56d0e9df0ad8025957b1624b856,Duelist Pack: Dimensional Guardians,DPDG,45,2017-05-25
20d260d9e022402fab1f82f83d0b9ece,Yu-Gi-Oh! The Dark Side of Dimensions Blu-ray & DVD promotional card,MVPC,1,2017-05-29
d6c45795ef083da6d8640b57e8d8b4ee,Maximum Crisis: Special Edition,MACR,4,2017-06-08
b8e0e89213ecc4c89954407b2bf65626,Pendulum Evolution,PEVO,60,2017-06-22
4b9c45d6d021e9f8d0352c753e21e1b2,Weekly Shonen Jump July 2017 membership promotional card,JUMP,1,2017-06-30
7500066f4df5195ce467d97db1b62d8d,Battles of Legend: Light's Revenge,BLLR,80,2017-07-06
e4aa6e136588139b52b7e9cf66ad1ac0,Starter Deck: Link Strike,YS17,43,2017-07-20
3482cf6bce22c3433fa9eac0d39ec3a1,Code of the Duelist Sneak Peek Participation Card,COTD,1,2017-07-29
1615ae29d9e2b62eb36e5e3110780271,WSJ Jump Pack Fall 2017 promotional card,JMPS,1,2017-08-01
ead941910d54f03db9be48bc41a94357,Code of the Duelist,COTD,100,2017-08-03
535e6f53c73168be08bc6027642ceb1c,OTS Tournament Pack 5,OP05,27,2017-08-03
8eb385512ccc41dd766185b9f05ba62a,Yu-Gi-Oh! World Championship 2017 prize cards,2017,2,2017-08-13
c6f3e50089b17275c8462f40263e585d,2017 Mega-Tin Mega Pack,MP17,239,2017-08-24
77b9d1dea49908d9f69cce68eaf81f02,2017 Mega-Tins,CT14,8,2017-08-24
0aa2a4e91611d54d3f3f43d8cdedab0e,Yu-Gi-Oh! Championship Series 2017 prize card,YCSW,1,2017-08-27
2f13591f060a89f37c1cfb3fe7094a83,Yu-Gi-Oh! ARC-V Volume 2 promotional card,YA02,1,2017-09-05
34538103e7730ac64717363f9b2bd570,Legendary Duelists,LEDU,52,2017-09-07
9d706a93afc6b2f423dd324b7bc1d0ad,Yugi's Collector Box,YUCB,1,2017-09-15
ffcbf5db530ba2ee01d686fdf633ef3f,Code of the Duelist Special Edition,COTD,4,2017-09-21
47985f00967ea887b68a5e69052b13d1,Legendary Dragon Decks,LEDD,111,2017-10-05
1e03b5390834e017a2bb6b348e3d4d04,Circuit Break Sneak Peek Participation Card,CIBR,1,2017-10-14
d7eb2a048a8f32254a2b3ddaf21c72bd,Circuit Break,CIBR,100,2017-10-19
7e9e5c136166d23a23e1c96900d3758a,Weekly Shonen Jump November 2017 membership promotional card,JUMP,1,2017-11-01
efc8ecd2a880ccca6795b0ff61ce4fff,Structure Deck: Cyberse Link,SDCL,43,2017-11-02
3f1e25c9e1aec1fe713e8f6898c53292,Spirit Warriors,SPWA,60,2017-11-16
ca55ebe4359c83120488b28930174d42,Kaiba's Collector Box,KACB,1,2017-11-17
9a48aa1efd722e8f715835c014c1a81e,Circuit Break Special Edition,CIBR,4,2017-12-07
5571c332a81f5200c5f0d31f86ecc409,OTS Tournament Pack 6,OP06,26,2017-12-07
2eb4f72103060ff355dd37d61d658efe,WSJ Jump Pack Spring 2018 promotional card,JMPS,1,2018-01-01
03517fe815e3b9549b432df3a3e970ed,Weekly Shonen Jump January 2018 membership promotional card,JUMP,1,2018-01-01
a5cb34058439b78ec5e2ae12807af291,Advanced Demo Deck Extra Pack,DEM4,10,2018-01-06
3a75551b1de914d14a9ea965c13f1697,Structure Deck: Wave of Light,SR05,42,2018-01-18
13f90f2c013e59a4e548e71fef97238d,Extreme Force Sneak Peek Participation Card,EXFO,1,2018-01-27
d34642d654058d0cdefc4c4b4b0032bd,Extreme Force,EXFO,100,2018-02-01
066862a74a60bd9b9aeda739f6016bf5,The Lost Art Promotion A,LART,1,2018-02-01
b32d3069a055a23ea9aa0b03cdb8f04f,Legendary Duelists: Ancient Millennium,LED2,53,2018-02-22
f02912ffaa1267ed1ec89053943cf03c,The Lost Art Promotion B,LART,1,2018-03-01
f72d893b23f8003567f06ad9c6529d8b,Yu-Gi-Oh! ARC-V Volume 3 promotional card,YA03,1,2018-03-06
6797222ccdb85ffa58f027cf4a1d0ff0,Legendary Collection Kaiba,LC06,5,2018-03-08
48659eb849e8b4025ee34be85e570ba2,Legendary Collection Kaiba Mega Pack,LCKC,110,2018-03-08
db077a9d1a6bf8bf489d6b1ad8723de5,Extreme Force Special Edition,EXFO,4,2018-03-22
d3b3bf82306f521336836b7a68385fc8,Star Pack VRAINS,SP18,50,2018-03-29
8ef3a8319d4772ceb44b9e06268311db,Yugi & Kaiba Collector Box,KACB,1,2018-03-29
ff4184f09976c4dc7e40c97540b1b73f,The Lost Art Promotion C,LART,1,2018-04-01
ce1a91d0ff648eca31435ccb049e50b7,OTS Tournament Pack 7,OP07,26,2018-04-13
c9e2e81085f9d9106f5bb95f21ff5d37,OTS Tournament Pack 7 (POR),OP07,34,2018-04-13
df3bb7b5b104c5db82ad1409c647c43d,Structure Deck: Lair of Darkness,SR06,42,2018-04-19
ff4847c1e0c6010ef39e7249a8b43787,Flames of Destruction Sneak Peek Participation Card,FLOD,1,2018-04-28
a35dbb9846bf4767160bf2b6f12bcd9f,The Lost Art Promotion D,LART,1,2018-05-01
0e9a44609cb288651146fb49109bdc2b,Weekly Shonen Jump April 2018 membership promotional card,JUMP,1,2018-05-01
81f88961be95a117c2cbd29b83b7e696,Flames of Destruction,FLOD,100,2018-05-03
4e4b995c895c5b8d905e8dd025f10779,Dark Saviors,DASA,60,2018-05-24
e53c10b0cea2f697df74fcf4cba0118c,The Lost Art Promotion E,LART,1,2018-06-01
13b7f20a136d9768c897af30e2a3bf5b,Flames of Destruction Special Edition,FLOD,4,2018-06-07
697bc31656d1ae9ed3e9d11d9fc5a928,Battles of Legend: Relentless Revenge,BLRR,105,2018-06-28
bb8b33a95901826c86913775e017e067,The Lost Art Promotion F,LART,1,2018-07-01
a02521cf6f0f372c586257c56f45b170,Starter Deck: Codebreaker,YS18,45,2018-07-12
91dc8dc748dd70c374036c3f607b53bc,Cybernetic Horizon Sneak Peek Participation Card,CYHO,1,2018-07-21
4f01ece8166b338919a6203eb5dca93e,Cybernetic Horizon,CYHO,100,2018-07-26
6e2c68e121f3a1ec70599fd04b6ddbdc,Yu-Gi-Oh! World Championship 2018 prize cards,2018,2,2018-08-05
2238892a062c62d4750d5f2b63e839a3,Structure Deck: Powercode Link,SDPL,42,2018-08-09
bf695fe245c924858bd2dbe3b8043505,Weekly Shonen Jump July 2018 membership promotional card,JUMP,1,2018-08-12
ef3ad220efa405046c31095beed830c7,Shadows in Valhalla,SHVA,60,2018-08-16
a292d0dcf41c78ec0138f7166ecb3cce,OTS Tournament Pack 8,OP08,26,2018-08-17
d18070ca1640b784e459779147d675ad,OTS Tournament Pack 8 (POR),OP08,36,2018-08-17
b2da2930396a210c404f3a4e02ab7784,2018 Mega-Tin Mega Pack,MP18,233,2018-08-30
74fb9ab61bde6bc7126074c0fc8fc8f3,2018 Mega-Tins,CT15,10,2018-08-30
691e72e9481d6c1d31a70f18d5414521,WSJ Jump Pack Fall 2018 promotional card,JMPS,1,2018-09-01
68d1a2b11a48c2f3ed57895d8de0f79e,Yu-Gi-Oh! The Dark Side of Dimensions Movie Pack Special Edition,MVP1,4,2018-09-07
f44a3d93407e627965a8e913bdb71023,Cybernetic Horizon Special Edition,CYHO,4,2018-09-13
93da3c9bf4adffa229ef1747c3b3c95f,Yu-Gi-Oh! Championship Series 2018 prize card,YCSW,1,2018-09-22
17943d7262d755da8a0d683f3e8d9a2e,Legendary Duelists: White Dragon Abyss,LED3,56,2018-09-27
c314e5654fde80c022c80e160001c02b,Legendary Hero Decks,LEHD,117,2018-10-04
24adcc2065ed2ed68b1b6c72f0a8ce54,Soul Fusion Sneak Peek Participation Card,SOFU,1,2018-10-13
6ccfe644e861b7b88dfd41ba7823d31c,Soul Fusion,SOFU,100,2018-10-18
b9c1c3bad438154359e94871d13d8b39,Yu-Gi-Oh! Advent Calendar (2018),AC18,24,2018-10-25
84d4eabe88537adb96a2561d21e396b3,Structure Deck: Zombie Horde,SR07,42,2018-11-01
6ef28f45ae19065b56739bd47ea229df,Yu-Gi-Oh! ARC-V Volume 4 promotional card,YA04,1,2018-11-06
af60b9a053bbd08b01d27886a167a818,Hidden Summoners,HISU,60,2018-11-15
2c99fba51c04ee6afc70a07ad32eeb86,Weekly Shonen Jump November 2018 membership promotional card,JUMP,1,2018-11-21
ede0e105983702ed115d4e99416a8c3b,Weekly Shonen Jump December 2018 membership promotional cards,JUMP,4,2018-12-01
d9664ecfdd5e5da052a3bab282dd85d8,OTS Tournament Pack 9,OP09,26,2018-12-06
e0287a9b16d64cecab1a8bccbabb0d2c,OTS Tournament Pack 9 (POR),OP09,36,2018-12-06
37dbbb715cf88879abad26dc98958804,Soul Fusion Special Edition,SOFU,4,2018-12-06
2ccbb9b1c690540427facb42212ed9e1,The Lost Art Promotion G,LART,1,2019-01-01
887ef689460538023963f83af480b674,WSJ Jump Pack Spring 2019 promotional card,JMPS,1,2019-01-01
4285fe6083db6af5bf9f55eeafbcfa37,Legendary Duelists: Sisters of the Rose,LED4,56,2019-01-10
fd2f480e7d4c9f687cf9854d1714e5e5,Speed Duel Starter Decks: Destiny Masters,SS01,64,2019-01-24
252db9553776f8e6b60e5a84f15e8e43,Speed Duel Starter Decks: Duelists of Tomorrow,SS02,69,2019-01-24
2cc066cedeaf260bf3f5ad0cc3cc19cc,Savage Strike Sneak Peek Participation Card,SAST,1,2019-01-26
7aaf44c411d4386963d8002ab3e37c90,Savage Strike,SAST,100,2019-01-31
e168bc0ecb4fdef549ab4163cdbae891,The Lost Art Promotion H,LART,1,2019-02-01
0520d8ae796b0c344ae676d6ea11484a,The Lost Art Promotion M,LART,1,2019-02-01
db9bdf92b4f75a281a5e76776e5c3079,Yu-Gi-Oh! World Championship 2019 Japanese National Qualifiers prize cards,2019,2,2019-02-01
74a0540e144592a401e5f91428715ce2,Structure Deck: Soulburner,SDSB,45,2019-02-14
7371b5119ef10688b2ca781b643598cb,The Lost Art Promotion I,LART,1,2019-03-01
0469ca514eaaabd0d5ecfbcedc6529be,Yu-Gi-Oh! ARC-V Volume 5 promotional card,YA05,1,2019-03-05
d386241afc61bc8324556a572e29b7c4,Savage Strike Special Edition,SAST,4,2019-03-07
c8929edd02c284cf6b171d0103c427de,The Infinity Chasers,INCH,60,2019-03-21
4658654134b8129c82f60b72e060d388,Speed Duel: Arena of Lost Souls,SBLS,50,2019-03-28
aa94791c35f5fabfb8529a2fccb43138,Duel Power,DUPO,106,2019-04-03
0bf6db9c692007b0cd90c19aab9f3029,Yu-Gi-Oh! Day April 2019 promotional card,YDPR,1,2019-04-06
1fcb6aaf20fda245a25ee06d79909283,OTS Tournament Pack 10,OP10,25,2019-04-18
dd32095294fefb95344aa949553d42c3,OTS Tournament Pack 10 (POR),OP10,35,2019-04-18
a1b9bd36604f79a441666872970d3386,Speed Duel Tournament Pack 1,STP1,18,2019-04-18
a1bb854dbdd66c37ffaf43b0372423d8,Structure Deck: Order of the Spellcasters,SR08,41,2019-04-19
f70c15a284a43c4b6188723c593f1fab,Dark Neostorm Sneak Peek Participation Card,DANE,1,2019-04-27
135e2ace389bafa490adfcd15a833a0d,Dark Neostorm,DANE,100,2019-05-02
0f12cbd51cf6e8ee39ac4cd267a1b7e4,Speed Duel: Attack from the Deep,SBAD,50,2019-05-30
38d4733139fb03dcb9e3ef8319a8e319,The Lost Art Promotion J,LART,1,2019-06-01
a7ba1b752a156ca6b29c20f1e70ef6fe,Speed Duel Demo Deck,DEM5,11,2019-06-08
da1c92190e1bcb4dea4079fa49cbdece,Dark Neostorm Special Edition,DANE,4,2019-06-13
200b5b88a7cc6b3a6e707fbc47df8035,The Lost Art Promotion K,LART,1,2019-07-01
bd77395aac64ed95f5555f319a7aba9a,Battles of Legend: Hero's Revenge,BLHR,94,2019-07-11
f78007997fd19b1d0a8348f0562a9411,Rising Rampage Sneak Peek Participation Card,RIRA,1,2019-07-20
1718bfa940bf4a8b1a68db61a3c3fa09,Rising Rampage,RIRA,100,2019-07-26
a458af47094ebbba5ae5a62540040cbe,Event Pack Speed Duel,EVSD,6,2019-08-01
29c9f5b6924cc91df63078c891658fa2,Speed Duel Starter Decks: Ultimate Predators,SS03,63,2019-08-01
84da32f1f52c449a617b69ab76a36a50,Speed Duel: Scars of Battle,SBSC,50,2019-08-01
2ed49c08f83a814c39608108bcde919d,The Lost Art Promotion L,LART,1,2019-08-01
9afc3c2ad4b0463f18830966a8915717,OTS Tournament Pack 11,OP11,25,2019-08-15
c99287130c91da10456606223705373c,OTS Tournament Pack 11 (POR),OP11,30,2019-08-15
d8dbcb95a166d1c12d3ad2c7f27713f2,Structure Deck: Rokket Revolt,SDRR,46,2019-08-15
acae3c66b4ecdb0ed3a5acbf479ae996,Speed Duel: Scars of Battle Launch Event participation card,EVSD,1,2019-08-17
042da8e14fac2e0c7b755bc9ec22393d,Yu-Gi-Oh! Legacy of the Duelist: Link Evolution promotional cards,LOD2,3,2019-08-20
aafac532f51c496501952937c21bfa8c,Fists of the Gadgets,FIGA,60,2019-08-22
10c2df4a28c7bbbd1b576eaf2fb9b522,Yu-Gi-Oh! Championship Series 2019 prize card,YCSW,1,2019-08-25
9b966182182d3a004de507010c089507,2019 Gold Sarcophagus Tin,TN19,14,2019-08-29
cb6ba8c143c17ecfa39d6d2fd18d70fb,2019 Gold Sarcophagus Tin Mega Pack,MP19,270,2019-08-29
a7244dedfc255e1eaea25a1888febd89,Yu-Gi-Oh! ARC-V Volume 6 promotional card,YA06,1,2019-09-03
102610641d84b04bce72c2b9e2a74515,Rising Rampage Special Edition,RIRA,4,2019-09-12
9026f452fbfa40a67fe9b094e2d1b85d,Legendary Duelists: Immortal Destiny,LED5,58,2019-09-26
a27befff60353018b5047a3fb997d607,Yu-Gi-Oh! Advent Calendar,AC19,1,2019-09-26
5e4f9243e7c4dea23b4e4f008b40b633,Yu-Gi-Oh! Advent Calendar (2019),AC19,23,2019-09-26
afc0357a27795050e29f7a8be8270da1,Duel Devastator,DUDE,56,2019-10-10
03a3594f1c99fb387d166611077e663c,Speed Duel Tournament Pack 2,STP2,18,2019-10-10
021f7ae3ba1c77c9f9da09d1e97f046d,Chaos Impact Sneak Peek Participation Card,CHIM,1,2019-10-19
a3a23e9aef9f574d8509e2996e848cdf,Chaos Impact,CHIM,100,2019-10-24
fa790dab55470b7065402f51d2d90e2d,Mystic Fighters,MYFI,60,2019-11-22
b077f1275c46961c824fb5a13828e06c,Speed Duel: Trials of the Kingdom Sneak Peek participation cards,SBTK,10,2019-11-30
e5d700bd552c17286422746438b20cda,Chaos Impact Special Edition,CHIM,4,2019-12-05
a9d3f0ff8a4e4810a7e94272aaba3d10,OTS Tournament Pack 12,OP12,25,2019-12-05
8a45016bae751cb94b5c4583a451495f,OTS Tournament Pack 12 (POR),OP12,35,2019-12-05
b445758698a506fae157fce49a2748c5,Speed Duel: Trials of the Kingdom,SBTK,51,2019-12-05
7e3ff301eb022d45f07d11a88f7120cc,Speed Duel Demo Deck 2020,DEM6,21,2020-01-01
b5b9c198f5664849c165d411a0c8791f,Trials of the Pharaoh - Trials of the Kingdom promotional card,OPTP,1,2020-01-01
e0e31fb867fb72174b6820ad0c019bab,The Lost Art Promotion 2020 K,LART,1,2020-01-11
c5f832043ddada8d4a8b5045b28bf21d,Legendary Duelists: Magical Hero,LED6,56,2020-01-16
3793b9c18b674338a937949fa35fadbb,Yu-Gi-Oh! The Dark Side of Dimensions Movie Pack Secret Edition,MVP1,63,2020-01-23
a095bb129524ef5ad818382e7e0ec038,Ignition Assault Sneak Peek Participation Card,IGAS,1,2020-01-25
aae6f5dd2c50bb70e5375f0d02dcc31e,Ignition Assault,IGAS,100,2020-01-30
b8cafdabe2cdf63888d6565d4f6ba47b,SJ Jump Pack Spring 2020 promotional card,JMPS,1,2020-02-01
7329b84c75762b72570b6f768564feff,The Lost Art Promotion N,LART,1,2020-02-01
48663456bb8f25632ab0cdb8758bb068,Structure Deck: Shaddoll Showdown,SDSH,49,2020-02-13
409eecbcf6801fdc691a9ac8cd2cfc10,The Lost Art Promotion O,LART,1,2020-03-01
e00f934044cdb455245201c7227ae7e2,Ignition Assault Special Edition,IGAS,4,2020-03-05
542fdb01ea7dfa238d17aaf3c062b2c7,Duel Overload,DUOV,100,2020-03-19
4d151cb15e1545eed2320c9f07bfc51c,Secret Slayers,SESL,60,2020-04-03
faacaf0f5cd23efd80111509d5d8749d,Structure Deck: Mechanized Madness,SR10,41,2020-04-16
77a29504c96d43a47d102fbf8f66375c,Eternity Code Premiere! promotional card,ETCO,1,2020-04-25
66265a16620d88460369a7af3cf0252f,Eternity Code,ETCO,101,2020-04-30
a8828a1a90a4ae25412134ac4020c4d9,Speed Duel Starter Decks: Match of the Millennium,SS04,67,2020-05-15
d7fe0009735441f06c39d9369e13911e,Speed Duel Starter Decks: Twisted Nightmares,SS05,66,2020-05-15
c4a20f78bfc641b4936bce0545466c96,The Lost Art Promotion 2020 D,LART,1,2020-06-01
b8468200b30811de7937ad8c2ae98ddd,The Lost Art Promotion 2020 E,LART,1,2020-06-01
f956f30cba4a2604916466d21049feb5,The Lost Art Promotion 2020 F,LART,1,2020-06-01
d17e1db14dd5f56814dd207b789f9d69,Yu-Gi-Oh! ARC-V Volume 7 promotional card,YA07,1,2020-06-02
71a4ab7fe8bb50fd2bb20aa02a430915,OTS Tournament Pack 13,OP13,25,2020-06-15
dfd79d92eddd272ff650007af97fc3f5,OTS Tournament Pack 13 (POR),OP13,34,2020-06-15
fa7005d112a045fbfcba93c61b278dcc,Toon Chaos,TOCH,60,2020-06-18
51eeba1e5fd0972879c04cd0bc04ad7b,Legendary Duelists: Season 1,LDS1,121,2020-07-02
d55af50d0f8e836ce4b394f0eb534958,Structure Deck: Sacred Beasts,SDSA,48,2020-07-09
7dcb4483c3ae8b806f6e93470a8c56b8,The Lost Art Promotion 2020 I,LART,1,2020-07-15
95e80dffc19d01e68116e8b6e37ae5dc,Battles of Legend: Armageddon,BLAR,94,2020-07-23
3a6e87e8596b500a8d3ac8aee7e47121,Rise of the Duelist Premiere! promotional card,ROTD,1,2020-08-01
3c78fef706d09f88c7726002ccc79109,The Lost Art Promotion 2020 N,LART,1,2020-08-01
427459e781eb450dc6839c15fc7be5ed,Trials of the Pharaoh - Match of the Millennium & Twisted Nightmares promotional card,OPTP,1,2020-08-01
f71702880c59e2c6256f9fd2ab00cdf6,Rise of the Duelist,ROTD,101,2020-08-06
677156193e1209f3aeacc8aedb47d860,The Lost Art Promotion 2020 H,LART,1,2020-08-15
824396ad6bd2ec43fcc0e6cd0323e9fe,2020 Tin of Lost Memories,MP20,6,2020-08-27
f7d6892d21b826142f78883be7d31cff,2020 Tin of Lost Memories Mega Pack,MP20,246,2020-08-27
8527b239c07d720c5ec72548a1ae0471,KC Grand Tournament prize card,2020,1,2020-08-29
6213444cc56901a2af7fd18228a1f253,The Lost Art Promotion 2020 P,LART,1,2020-09-01
aba80c81872540d639ec3aa3cfb77c7d,Dragons of Legend: The Complete Series,DLCS,149,2020-09-10
ae713f0975ef77fce6b2fc08d994e7d0,The Lost Art Promotion 2020 G,LART,1,2020-09-15
738703c313d64298766c9594690311c3,Legendary Duelists: Rage of Ra,LED7,57,2020-09-24
f48f24ba865430d9e6b22025e359153e,Remote Duel at Home Sweepstakes,SBPR,1,2020-10-01
481bb1a07dc86d7c641a5875ac6741ed,The Lost Art Promotion 2020 J,LART,1,2020-10-01
546cf17519b7f5eb7398fe6dccdb1c8c,The Lost Art Promotion 2020 Q,LART,1,2020-10-01
7dac01fece4b5538304a482c85ff1cbf,The Lost Art Promotion 2020 R,LART,1,2020-10-01
12bb9572a4010c8b8efc25216225de00,OTS Tournament Pack 14,OP14,25,2020-10-08
d79f7adf463deace3a707e7147c404f6,OTS Tournament Pack 14 (POR),OP14,35,2020-10-08
2ed874bb009cc0d92c1dc60db05e9854,The Lost Art Promotion 2020 M,LART,1,2020-10-10
19fb9783db4853dd03f3cb34015c5bae,Structure Deck: Spirit Charmers,SDCH,41,2020-10-22
26d5d17012e18d635efb51c173ede1b2,Phantom Rage Premiere! promotional card,PHRA,1,2020-10-31
a956cb3172a65aaa8909327f52f3232b,The Lost Art Promotion 2020 L,LART,1,2020-11-01
4476b03a17dccd2e8abf2909008d37c4,Phantom Rage,PHRA,101,2020-11-05
de1bf6a6a076ce9410961bacd8cfb625,Maximum Gold,MAGO,162,2020-11-12
327d59d3112082748441132b4cce3a5f,Speed Duel: Battle City Box,SBCB,223,2020-11-26
e9818732eba79b26d58b1e9fbb8a0981,Trials of the Pharaoh - Speed Duel: Battle City Box promotional card,OPTP,1,2020-11-26
9a4d9c79b0146698604b878a11db3e0c,The Lost Art Promotion 2020 O,LART,1,2020-12-01
62025dbc0b5315078c3e9c35333e7f85,Genesis Impact,GEIM,60,2020-12-03
23641caa2e3114226d73a4ce9e8af682,Yu-Gi-Oh! at Home Sweepstakes,SBPR,1,2020-12-07
f75f34eebb86c398f43ee1fcf411812d,The Lost Art Promotion 2021 A,LART,1,2021-01-01
ed7041601d300c8f68859096f05f098d,Legendary Duelists: Season 2,LDS2,131,2021-01-21
f4896d1ea78c87acce21e81fec27a725,Blazing Vortex Premiere! promotional card,BLVO,1,2021-01-30
5a20816edc54692fbf4f15eeecef19ea,Blazing Vortex,BLVO,101,2021-02-04
ddf9c624d26944f73cb8bf174e184d81,OTS Tournament Pack 15,OP15,26,2021-02-17
30a5aa12009479ffc7ef005141fdf0dc,OTS Tournament Pack 15 (POR),OP15,36,2021-02-18
25faa22a25f97f68dc20286592c32d54,Structure Deck: Freezing Chains,SDFC,46,2021-02-18
e22225e81c85cab55af616ec0b1b7d8e,The Lost Art Promotion 2021 B,LART,1,2021-02-19
fd8060ceb88fb6618376ae0f4337b8e1,The Lost Art Promotion 2021 C,LART,1,2021-03-15
2dab5ef269871a137362456a975ed535,The Lost Art Promotion 2021 D,LART,1,2021-04-07
99f2988f5f49d9bb15c46698c705ca1d,Ghosts From the Past,GFTP,132,2021-04-15
0c1f77bc8a8535dbcc203a71332eee52,Ancient Guardians,ANGU,60,2021-04-29
70e0c706be6ca519acdb8cd398eec238,The Lost Art Promotion 2021 E,LART,1,2021-05-05
05a7029919442541a5fb963d1d1756e5,Yu-Gi-Oh! TCG Remote Duel Extravaganza participation card,21CC,1,2021-05-22
dd3c31648bdeb793d2a6aab22398a8e6,Lightning Overdrive Premiere! promotional card,LIOV,1,2021-05-29
bb9252068dae2e8c356a0f1a152061fa,Palladium Oracle Mahad Sweepstakes,SBPR,1,2021-06-01
723a480a9776e44858d56efd8b2e9c19,Lightning Overdrive,LIOV,101,2021-06-03
0ac36a40f1b10a3469a38b5028f8aa29,OTS Tournament Pack 16,OP16,26,2021-06-09
78169c8ed1be77dc791d737884c7be05,OTS Tournament Pack 16 (POR),OP16,36,2021-06-09
20c0d3ec5c2040f8589e5a54ec528558,Egyptian God Deck: Obelisk the Tormentor,EGO1,35,2021-06-17
71abafc39f0a66f56cebd5e864c8d8a3,Egyptian God Deck: Slifer the Sky Dragon,EGS1,38,2021-06-17
9e7ff1e1e2c44acedbbd4343cffd8a42,The Lost Art Promotion 2021 F,LART,1,2021-07-01
43011fe55750599797cc0586a78e5a6e,The Lost Art Promotion 2021 G,LART,1,2021-07-01
0264aae428d1bc453108991315fba7a9,King's Court,KICO,65,2021-07-08
8b62280156ba22921658bad0174badd8,The Lost Art Promotion 2021 H,LART,1,2021-08-01
16a8312df30001480f643b139cf58dea,Dawn of Majesty Premiere! promotional card,DAMA,1,2021-08-07
ee19a7b461378aeba25fd1cd47b5f1af,Dawn of Majesty,DAMA,101,2021-08-12
354474764aa084816b389b779e77bc96,KC Grand Tournament 2021 prize card,2021,1,2021-08-28
6742429d83a627d46758edd5f1a78f1b,The Lost Art Promotion 2021 I,LART,1,2021-09-01
cb403c1c3e075dbf7db5a1635a299677,2021 Tin of Ancient Battles,MP21,258,2021-09-30
3d8a4ce4f83bba3b844e6465a9c2a9e5,The Lost Art Promotion 2021 J,LART,1,2021-10-01
c18e2042fea0be080cf50529c7df0f15,OTS Tournament Pack 17,OP17,25,2021-10-13
d0b83c8d1ff13a795c05cf0acfad5c0d,OTS Tournament Pack 17 (POR),OP17,35,2021-10-14
7636e6ed197a482c0283b6d2805a49a2,Structure Deck: Cyber Strike,SDCS,48,2021-10-14
119fcb4e75a7f02d5b29a2b23b851462,Legendary Duelists: Synchro Storm,LED8,56,2021-10-28
660e75777c6e9408b97f7042dfa4adeb,The Lost Art Promotion 2021 K,LART,1,2021-11-01
09b9e670c1677464aa4950091c8577b2,Burst of Destiny,BODE,101,2021-11-04
9abce9ef0212d134c70a05c322b2dd94,Maximum Gold: El Dorado,MGED,152,2021-11-18
e07883b375d6093066fdb83f22465787,Blue-Eyes Alternative White Dragon Sweepstakes,SBPR,1,2021-12-01
03e9eb850691fb231866249eeaa53d61,The Lost Art Promotion 2021 L,LART,1,2021-12-01
ce4ea277b06e39d390ab4a89f3e7f18c,Brothers of Legend,BROL,95,2021-12-02
d0a4c3fdc343c734fd4356e8fbfd9868,The Lost Art Promotion 2022,LART,8,2022-01-01
43465bbae59fc0aa911a81a0759153d9,The Lost Art Promotion 2022 A,LART,1,2022-01-01
8a1da03bfdddc6b5303a69e1a02440d2,The Grand Creators,GRCR,60,2022-01-27
772347bbd0dbe7332c631a75f7af5f0a,Battle of Chaos,BACH,102,2022-02-10
9de154ad2f8395b831480601f4904f53,OTS Tournament Pack 18,OP18,25,2022-02-17
bfb7d8700ed4c0cd525b5ac320eafb4b,OTS Tournament Pack 18 (POR),OP18,35,2022-02-17
089e09d57dbd9a68383667eeb3ed84d1,Hidden Arsenal: Chapter 1,HAC1,177,2022-02-24
cec6ad7519290b9ebe5e8233e2c0f3a4,Speed Duel GX: Duel Academy Box,SGX1,218,2022-03-17
f80659b9cb968d6a814e8cddd662149f,Speed Duel Tournament Pack 3,STP3,34,2022-03-24
c35e257ddef8623f5a1b59ab585646c0,Structure Deck: Albaz Strike,SDAZ,46,2022-04-14
bb49627c5be3da6f8993300fb5249a76,Ghosts From the Past: The 2nd Haunting,GFP2,187,2022-05-05
4c703fdff94dda53e4d3c173d8d14609,Dimension Force,DIFO,101,2022-05-19
128fb8a232f460abf1b8c52be290a44d,OTS Tournament Pack 19,OP19,29,2022-06-15
0707923e78b02b4c13b6e7b419db8b61,OTS Tournament Pack 19 (POR),OP19,39,2022-06-15
ba4208f8e9ca013bd08d04fec037af05,Legendary Duelists: Duels From the Deep,LED9,57,2022-06-16
4a44d72502865d47a7991b24bbd68e97,The Lost Art Promotion 2022 G,LART,1,2022-07-15
b16caf880089062bfa66f00739d25801,Legendary Duelists: Season 3,LDS3,138,2022-07-21
06d4ff0cc2404485875a69ae6f9a139d,Power of the Elements,POTE,101,2022-08-04
439a908515f9385a6ede0932948a6ec5,Tactical Masters,TAMA,60,2022-08-25
0ae37fc5dd293c7ab5dd50776e70587e,2022 Tin of the Pharaoh's Gods,MP22,275,2022-09-14
165e2718cdde122f32830a16aa11fbc8,Speed Duel Tournament Pack 4,STP4,35,2022-09-29
a2b136a3bb0d670446aee90c91f884cb,Structure Deck: Legend of the Crystal Beasts,SDCB,46,2022-09-29
fc4c7f97c09c6d2560257b1367c05da6,The Lost Art Promotion 2022 K,LART,1,2022-10-01
93d6a60352d6427b42c3604c61cf1dd6,Speed Duel GX: Midterm Paradox,SGX2,110,2022-10-06
84e868a9547f9369dc29445e05da8121,Yu-Gi-Oh! Championship Series 2022 prize card,YCSW,1,2022-10-16
3e0c856502da14197292cb5efaf451b8,Darkwing Blast,DABL,101,2022-10-20
f18c5c5e2fcee60b31d46fb4273ab002,OTS Tournament Pack 20,OP20,27,2022-10-20
fd6c36cd0673065cc28f35a132c5df90,Magnificent Mavens,MAMA,114,2022-11-03
58881a6bb521c7c962374788330f3023,Battles of Legend: Crystal Revenge,BLCR,105,2022-11-17
7e90d26732c350c6ef2a23541e1c39c3,Structure Deck: Dark World,SR13,45,2022-12-01
06fbc1c0840c310e24adb9817c96e6fc,Amazing Defenders,AMDE,60,2023-01-19
8d3e7a062d47489858355ed9e703e486,OTS Tournament Pack 21,OP21,26,2023-02-09
ea5a029166ac43eb0a6709cd0ed21d1b,Photon Hypernova,PHHY,101,2023-02-09
5592c43210bb165295b7831d399acf7f,Structure Deck: Beware of Traptrix,SDBT,46,2023-02-23
e42b9c3f699480bb5c2d729d15cfe5b6,Maze of Memories,MAZE,67,2023-03-09
74bedc78de2db0de62a39934a0f392cd,Speed Duel Tournament Pack 5,STP5,35,2023-03-09
610fa05ae2b971af95aa19408657ad7b,Speed Duel GX: Duelists of Shadows,SGX3,221,2023-03-30
cc2a17385d5b1a98a35e5eb706612260,The Lost Art Promotion 2023 D,LART,1,2023-04-01
c07f4b4add3dadd8ead9078cd2b63f72,Legendary Collection: 25th Anniversary Edition,LC01,3,2023-04-20
972c4615e3dcbde70cacac7c9f697ad6,The Lost Art Promotion 2023 E,LART,1,2023-05-01
92e19195201bf4a2f03bca4375c9a2a9,Cyberstorm Access,CYAC,101,2023-05-04
cb212e505ea583df553800829f724a73,The Lost Art Promotion 2023 F,LART,1,2023-06-01
50f660730df483f0e11d69e2df3545fe,Wild Survivors,WISU,60,2023-06-01
c6406398b1caf5641982075a3224429e,Battles of Legend: Monstrous Revenge,BLMR,104,2023-06-22
05061bf65fb74fd2947cd11027d50e00,OTS Tournament Pack 22,OP22,25,2023-07-19
1207a8b2f774090ec294ce41782874bc,Duelist Nexus,DUNE,99,2023-07-27
bfa22de6662a03ecc1f3da103a03fc4e,The Lost Art Promotion 2023 H,LART,1,2023-08-01
1283191769e7792b25b074809d43a841,Legendary Duelists: Soulburning Volcano,LD10,62,2023-08-10
d8a9cfb70839915fcea1465fc6d714e8,Speed Duel: Streets of Battle City,SBC1,193,2023-08-24
3289902348b57b55d529796a220333b9,The Lost Art Promotion 2023 I,LART,1,2023-09-01
ebe013615ad84378dde1da9a117c1ae6,The Pot Collection,TBC1,15,2023-09-01
5a7c0ede5ad0f71b1a3e50bae65012be,The Lost Art Promotion 2023,LART,5,2023-09-04
127e29d69ba692bac8b32e298c0edcef,Speed Duel Tournament Pack 6,STP6,35,2023-09-06
56402d217bf3eb8a4a7b7abbbfdd8cc7,25th Anniversary Tin: Dueling Heroes,TN23,16,2023-09-07
a044f1d51eeaaab32a0ab95712836f19,25th Anniversary Tin: Dueling Heroes Mega Pack,MP23,283,2023-09-07
ca15fef067d241a83dd8016ef0600f91,Structure Deck: The Crimson King,SDCK,49,2023-09-21
a90c892e4f4b359755c22b0d2ecdcc3d,Yu-Gi-Oh! Championship Series 2023 prize card,YCSW,1,2023-10-01
e606bbaf04b9c79f2b0504c7ea01c580,Age of Overlord,AGOV,101,2023-10-19
0f9b72aaa5f16958bafed45b15ef3bf6,OTS Tournament Pack 23,OP23,27,2023-10-25
a5cea1e77acd3ef56295a1f13c175de9,25th Anniversary Rarity Collection,RA01,78,2023-11-02
a0431d1e982ccf06eb9eaa54f9334dd4,Valiant Smashers,VASM,60,2023-11-16
b720717a4c88e63a5d561f2cc18689d1,Structure Deck: Fire Kings,SR14,48,2023-12-07
4962ce2eefdcb976ce42041217783326,Maze of Millennia,MZMI,85,2024-01-18
0213aa84df8db3f27ca88f5df1db0887,2-Player Starter Set,STAS,88,2024-01-26
25952fd36e0938a5d447087427aa78cd,Phantom Nightmare,PHNI,101,2024-02-08
f90aeb9693b42a2a0ebd4e66f41bde66,Adidas collaboration card,ADC1,1,2024-02-14
05aeb56737ca1678d2fb1d6dbfcd1e92,OTS Tournament Pack 24,OP24,27,2024-02-14
1c32fc0081eeb46f4f28777408869ce9,The Lost Art Promotion (series),LART,62,2024-02-14
3f21534f4cb83b201123e215c240ae85,The Lost Art Promotion 2023 G,LART,1,2024-02-14
a958f842061f0c256334ebf7813f3cb5,Battles of Legend: Chapter 1,BLC1,163,2024-02-22
1748ea403c713a6b876d9bc26783134d,25th Anniversary Ultimate Kaiba Set,KC01,62,2024-03-01
e2bc1e5f105b8b8d9ad5da485b6717d7,Legacy of Destruction,LEDE,86,2024-04-25
6d2426abe71ef055d9081f13500b160e,The Lost Art Promotion 2024 A,LART,1,2024-05-22
647de2b20c9fe9eb747ef1e0198f5c2f,OTS Tournament Pack 25,OP25,27,2024-06-12
e55036b1e8130a54ff0ab77e402e5d30,The Lost Art Promotion 2024 B,LART,1,2024-06-19
9fbc2ae81027208001000dfd2a7d701e,Battles of Legend: Terminal Revenge,BLTR,117,2024-06-20
c471deb2c4261aaec2a3789e6923603a,The Lost Art Promotion 2024 C,LART,1,2024-07-17
c67dde397462bc8fd39202d742a53bb9,The Infinite Forbidden,INFO,100,2024-07-18
